,Country,Area,Species
0,USA,California,White shark
1,MEXICO,Colima,Tiger shark
2,BRAZIL,Pernambuco,Tiger shark
3,USA,Florida,Lemon shark
4,USA,Florida,Bull shark
5,AUSTRALIA,Queensland,Grey reef shark
6,AUSTRALIA,Westerm Australia,Tawny nurse shark
7,COSTA RICA,Cocos Island,Tiger shark
8,AUSTRALIA,Western Australia,White shark
9,MALDIVES,Alifu Alifu Atoll,Tiger shark
10,SOUTH AFRICA,Western Cape Province,White shark
11,THAILAND,Hua Hin,Bull shark
12,BAHAMAS,New Providence,Tiger shark
13,SOUTH AFRICA,Eastern Cape Province,White shark
14,USA,Hawaii,Tiger shark
15,AUSTRALIA,Western Australia,Wobbegong shark
16,SOUTH AFRICA,KwaZulu-Natal,Blacktip shark
17,AUSTRALIA,New South Wales,White shark
18,AUSTRALIA,New South Wales,Bull shark
19,ECUADOR,Galapagos Islands,Galapagos shark
20,AUSTRALIA,Western Australia,Bull shark
21,AUSTRALIA,Queensland,Grey reef shark
22,AUSTRALIA,New South Wales,White shark
23,BRAZIL,Fernando de Noronha,Small shark
24,AUSTRALIA,Western Australia,Wobbegong shark
25,USA,Hawaii,Tiger shark
26,MALAYSIA,Sepang,Nurse shark
27,COSTA RICA,Cocos Island,Tiger shark
28,COSTA RICA,Cocos Island,Tiger shark
29,USA,California,White shark
30,CUBA,Holquin Province,Tiger shark
31,AUSTRALIA,Queensland,Cookiecutter shark
32,AUSTRALIA,New South Wales,Wobbegong shark
33,AUSTRALIA,South Australia,White shark
34,USA,Florida,Spinner shark
35,USA,Hawaii,Tiger shark
36,AUSTRALIA,Western Australia,White shark
37,AUSTRALIA,Westerm Australia,White shark
38,AUSTRALIA,New South Wales,White shark
39,USA,Florida,Nurse shark
40,AUSTRALIA,Victoria,White shark
41,USA,Massachusetts,White shark
42,USA,South Carolina,Blacktip shark
43,EGYPT,Red Sea Protectorate,Oceanic whitetip shark
44,USA,California,White shark
45,USA,New Jersey,Sandtiger shark
46,SPAIN,Majorca,Blue shark
47,USA,California,White shark
48,USA,California,White shark
49,USA,Washington,White shark
50,USA,California,White shark
51,USA,Florida,Bull shark
52,MEXICO,Tabasco,Tiger shark
53,SOUTH AFRICA,Eastern Cape Province,White shark
54,USA,South Carolina,Bull shark
55,AUSTRALIA,Western Australia,White shark
56,AUSTRALIA,Victoria,Seven-gill shark
57,BAHAMAS,New Providence ,Tiger shark
58,USA,Florida,Tiger shark
59,AUSTRALIA,Western Australia,White shark
60,USA,Hawaii,Tiger shark
61,USA,Florida,Bull shark
62,USA,California,White shark
63,BAHAMAS,Great Exuma,Lemon shark
64,AUSTRALIA,Western Australia,Bull shark
65,BRAZIL,Pernambuco,Lemon shark
66,SOUTH AFRICA,KwaZulu-Natal,Tiger shark
67,USA,South Carolina,White shark
68,BAHAMAS,Bimini,Caribbean reef shark
69,AUSTRALIA,Queensland,Bull shark
70,INDONESIA,Bali,Bull shark
71,AUSTRALIA,Queensland,Bull shark
72,SOUTH AFRICA,Western Cape Province,White shark
73,AUSTRALIA,New South Wales,Wobbegong shark
74,AUSTRALIA,New South Wales,White shark
75,AUSTRALIA,Victoria,Broadnose sevengill shark
76,USA,Hawaii,Tiger shark
77,AUSTRALIA,New South Wales,White shark
78,USA,Hawaii,Tiger shark
79,USA,California,White shark
80,USA,Florida,Bull shark
81,USA,Hawaii,Tiger shark
82,USA,Florida,Blacktip shark
83,SPAIN,Alicante Province,Blue shark
84,AUSTRALIA,Western Australia,White shark
85,USA,Florida,Nurse shark
86,BAHAMAS,Abaco Islands,Bull shark
87,AUSTRALIA,Queensland,Shark
88,USA,Alabama,Tiger shark
89,USA,California,White shark
90,SPAIN,Canary Islands,Gel shark
91,USA,California,White shark
92,USA,Massachusetts,Dogfish shark
93,USA,California,White shark
94,AUSTRALIA,Queensland,Tawny nurse shark
95,COLUMBIA,Isla Provedencia,Caribbean reef shark
96,SOUTH AFRICA,Western Cape Province,White shark
97,EGYPT,Suez,Mako shark
98,AUSTRALIA,New South Wales,Bronze whaler shark
99,AUSTRALIA,Western Australia,White shark
100,USA,Florida,Bull shark
101,USA,Florida,Blacktip shark
102,USA,Florida,Nurse shark
103,NEW ZEALAND,North Island,Mako shark
104,INDONESIA,Bali,Bull shark
105,SOUTH AFRICA,Western Cape Province,White shark
106,AUSTRALIA,New South Wales,Wobbegong shark
107,FRENCH POLYNESIA,Tuamotos,Grey reef shark
108,FRENCH POLYNESIA,Tuamotos,Grey reef shark
109,USA,Florida,Bull shark
110,NEW CALEDONIA,Grand Terre,Tiger shark
111,BRAZIL,Santa Catarina State,Sandtiger shark
112,BRAZIL,Balneário Camboriú,Sandtiger shark
113,USA,Hawaii,Reef shark
114,USA,Texas,Bull shark
115,UNITED ARAB EMIRATES,Fujairah Emirate,Mako shark
116,USA,Hawaii,Tiger shark
117,AUSTRALIA,Queensland,Wobbegong shark
118,AUSTRALIA,Queensland,Blacktip shark
119,SOUTH AFRICA,KwaZulu-Natal,White shark
120,SPAIN,Grand Canary Island,Silky shark
121,AUSTRALIA,New South Wales,Bronze whaler shark
122,BRAZIL,Pernambuco,Tiger shark
123,AUSTRALIA,New South Wales,White shark
124,ECUADOR,Galapagos Islands,Galapagos shark
125,USA,Florida,Spinner shark
126,AUSTRALIA,New South Wales,Bull shark
127,SOUTH AFRICA,Western Cape Province,White shark
128,USA,Florida,Spinner shark
129,USA,Hawaii,Tiger shark
130,USA,Hawaii,Tiger shark
131,USA,Florida,Blacktip shark
132,USA,Florida,Blacktip shark
133,USA,California,White shark
134,USA,Florida,Shark
135,USA,Hawaii,Tiger shark
136,USA,California,Hammerhead shark
137,USA,California,White shark
138,USA,California,Hammerhead shark
139,AUSTRALIA,New South Wales,White shark
140,THAILAND,Phuket,Small shark
141,USA,California,White shark
142,USA,California,White shark
143,USA,California,White shark
144,USA,California,Hammerhead shark
145,AUSTRALIA,New South Wales,White shark
146,USA,Florida,Spinner shark
147,USA,South Carolina,Shark but shark
148,AUSTRALIA,Tasmania,White shark
149,USA,California,Mako shark
150,AUSTRALIA,Victoria,Bronze whaler shark
151,SOUTH AFRICA,Eastern Cape Province,White shark
152,USA,California,White shark
153,AUSTRALIA,New South Wales,White shark
154,AUSTRALIA,New South Wales,White shark
155,USA,North Carolina,Bull shark
156,SOUTH AFRICA,Western Cape Province,White shark
157,SOUTH AFRICA,Western Cape Province,White shark
158,AUSTRALIA,Western Australia,Wobbegong shark
159,USA,North Carolina,Sandtiger shark
160,AUSTRALIA,Western Australia,White shark
161,USA,South Carolina,Small shark
162,USA,North Carolina,Bull shark
163,USA,North Carolina,Bull shark
164,USA,California,Mako shark
165,USA,Florida,Bull shark
166,USA,Florida,Small nurse shark
167,REUNION,Le Port,Bull shark
168,AUSTRALIA,New South Wales,White shark
169,SOUTH AFRICA,Eastern Cape Province,White shark
170,USA,Florida,-foot shark
171,AUSTRALIA,South Australia,White shark
172,AUSTRALIA,New South Wales,White shark
173,USA,Florida,Blue shark
174,REUNION,Saint-Gilles-les-Bains,Bull shark
175,USA,Florida,Bull shark
176,SOUTH AFRICA,Eastern Cape Province,White shark
177,USA,Hawaii,Tiger shark
178,FRENCH POLYNESIA,Bora Bora,Blacktip shark
179,FRENCH POLYNESIA,Central Tuamotu,Blacktip reef shark
180,REUNION,dÉtang-Salé,Tiger shark
181,AUSTRALIA,Queensland,Bull shark
182,USA,Florida,White shark
183,BAHAMAS,Abaco Islands,White sharkoceanic whitetip shark
184,SOUTH AFRICA,Eastern Cape Province,Raggedtooth shark
185,AUSTRALIA,Western Australia,White shark
186,USA,California,White shark
187,AUSTRALIA,Queensland,Tiger shark
188,AUSTRALIA,Western Australia,White shark
189,USA,California,White shark
190,USA,Hawaii,Tiger shark
191,USA,Hawaii,Tiger shark
192,USA,South Carolina,Bull shark
193,USA,Florida,Blacktip shark
194,USA,Florida,Blacktip shark
195,USA,California,White shark
196,USA,California,White shark
197,AUSTRALIA,Western Australia,White shark
198,FRENCH POLYNESIA,Moorea,Blacktip shark
199,USA,Alabama,Bull shark
200,USA,Massachusetts,White shark
201,USA,Florida,Spinner shark
202,USA,Florida,Spinner sharkor blacktip shark
203,SPAIN,Alicante,Small shark
204,USA,Florida,Bull shark
205,AUSTRALIA,Western Australia,Shark
206,USA,Florida,Bull shark
207,USA,Louisiana,Bull shark
208,SOUTH AFRICA,Western Cape Province,White shark
209,USA,North Carolina,Tiger shark
210,REUNION,Saint-Leu,Tre shark
211,SPAIN,Canary Islands,Gel shark
212,USA,California,White shark
213,BAHAMAS,Abaco Islands,Caribbean reef shark
214,AUSTRALIA,Western Australia,Lemon shark
215,USA,Delaware,Sandbar shark
216,AUSTRALIA,South Australia,Bronze whaler shark
217,USA,Florida,Bull shark
218,USA,Palmyra Atoll,Blacktip reef shark
219,AUSTRALIA,Queensland,Bull shark
220,AUSTRALIA,New South Wales,Tawney nurse shark
221,AUSTRALIA,South Australia,White shark
222,SOUTH AFRICA,Western Cape Province,Cow shark
223,AUSTRALIA,Western Australia,Shark
224,SOUTH AFRICA,Eastern Cape Province,Raggedtooth shark
225,AUSTRALIA,New South Wales,White shark
226,AUSTRALIA,New South Wales,Wobbegong shark
227,USA,Florida,Spinner shark
228,FRENCH POLYNESIA,Society Islands,Blacktip reef shark
229,NEW ZEALAND,South Island,-gill shark
230,NEW ZEALAND,South Island,-gill shark
231,USA,Hawaii,Oceanic whitetip shark
232,NEW CALEDONIA,North Province,Bull shark
233,SOUTH AFRICA,Western Cape Province,White shark
234,USA,Hawaii,Tiger shark
235,AUSTRALIA,New South Wales,Wobbegong shark
236,AUSTRALIA,New South Wales,Tiger shark
237,AUSTRALIA,Western Australia,White shark
238,USA,Oregon,White shark
239,AUSTRALIA,Western Australia,White shark
240,USA,Hawaii,Tiger shark
241,AUSTRALIA,Western Australia,Blacktip reef shark
242,REUNION,dÉtang-Salé,Bull shark
243,AUSTRALIA,Western Australia,White shark
244,AUSTRALIA,New South Wales,Wobbegong shark
245,USA,Hawaii,Whitetip reef shark
246,USA,Hawaii,Tiger shark
247,USA,Florida,Nurse shark
248,SOUTH AFRICA,Eastern Cape Province,White shark
249,AUSTRALIA,Western Australia,White shark
250,USA,California,White shark
251,USA,Florida,Small bull shark
252,USA,Florida,Bull shark
253,USA,Florida,Nurse shark
254,USA,California,Salmon shark
255,FRANCE,Bay of Biscay,Mako shark
256,USA,California,White shark
257,USA,Hawaii,Tiger shark
258,USA,South Carolina,Bull shark
259,USA,Florida,Bull shark
260,USA,Hawaii,Tiger shark
261,BAHAMAS,Exuma Islands,Nurse shark
262,USA,California,White shark
263,USA,Florida,Bull shark
264,USA,Hawaii,Tiger shark
265,USA,Florida,Lemon shark
266,USA,Hawaii,Galapagos shark
267,ECUADOR,Santa Cruz Island,Galapagos shark
268,REUNION,Saint-Gilles,Bull shark
269,MEXICO,Quintana Roo,Tiger shark
270,AUSTRALIA,New South Wales,Grey nurse shark
271,SOUTH AFRICA,Western Cape Province,Blue shark
272,USA,Florida,Bull shark
273,FRENCH POLYNESIA,Tuamotus,Blacktip reef shark
274,SOUTH AFRICA,Western Cape Province,Raggedtooth shark
275,JAMAICA,St. Catherine,Tiger shark
276,AUSTRALIA,Western Australia,Bronze whaler shark
277,PHILIPPINES,Palawan,Small shark
278,NEW ZEALAND,North Island,White shark
279,USA,Hawaii,Shark
280,USA,Hawaii,Shark
281,USA,Florida,Blacktip shark
282,FRENCH POLYNESIA,Society Islands,Lemon shark
283,AUSTRALIA,Victoria,White shark
284,USA,Hawaii,Tiger shark
285,NEW ZEALAND,Mercury Islands,Bronze whaler shark
286,AUSTRALIA,New South Wales,Bull shark
287,SOUTH AFRICA,Eastern Cape Province,Tiger shark
288,AUSTRALIA,Western Australia,Tiger shark
289,AUSTRALIA,New South Wales,Sandtiger shark
290,NEW ZEALAND,South Island,Seven-gill shark
291,USA,Hawaii,Tiger shark
292,USA,Hawaii,Tiger shark
293,USA,Hawaii,Tiger shark
294,USA,California,White shark
295,USA,Hawaii,Tiger shark
296,USA,California,White shark
297,TONGA,Vava'u,Bull shark
298,USA,Hawaii,Tiger shark
299,SCOTLAND,Inner Hebrides,Porbeagle shark
300,USA,Florida,Lemon shark
301,REUNION,Saint Leu,Bull shark
302,FRENCH POLYNESIA,Tuamotus,Lemon shark
303,AUSTRALIA,South Australia,White shark
304,USA,Massachusetts,White shark
305,CANADA,British Colombia,Salmon shark
306,AUSTRALIA,Western Australia,White shark
307,USA,Florida,Bull shark
308,USA,Hawaii,Small reef shark
309,USA,Florida,Nurse shark
310,USA,South Carolina,Small blacktip shark
311,USA,South Carolina,Small blacktip shark
312,USA,South Carolina,Blacktip shark
313,ITALY,Sardinia,Blue shark
314,AUSTRALIA,New South Wales,White shark
315,MEXICO,Guerrero,Bull shark
316,USA,Hawaii,Tiger shark
317,USA,California,White shark
318,USA,California,White shark
319,SOUTH AFRICA,Western Cape Province,White shark
320,AUSTRALIA,South Australia,White shark
321,USA,Hawaii,Tiger shark
322,AUSTRALIA,Western Australia,White shark
323,AUSTRALIA,Western Australia,White shark
324,AUSTRALIA,Queensland,Bull shark
325,USA,Florida,Bull shark
326,AUSTRALIA,Victoria,Tawny nurse shark
327,USA,Florida,Spinner shark
328,AUSTRALIA,New South Wales,Grey nurse shark
329,SOUTH AFRICA,Western Cape Province,White shark
330,AUSTRALIA,Western Australia,Tiger shark
331,TAIWAN,Taitung ,Blue shark-kg blue shark
332,AUSTRALIA,New South Wales,White shark
333,SOUTH AFRICA,Eastern Cape Province,Bull shark
334,USA,Oregon,White shark
335,AUSTRALIA,Queensland,Tiger shark
336,AUSTRALIA,New South Wales,White shark
337,AUSTRALIA,New South Wales,Wobbegong shark
338,AUSTRALIA,Queensland,Wobbegong shark
339,USA,California,White shark
340,USA,California,White shark
341,SOUTH AFRICA,KwaZulu-Natal,Raggedtooth shark
342,AUSTRALIA,Western Australia,White shark
343,USA,Oregon,White shark
344,AUSTRALIA,Victoria,Port jackson shark
345,SOUTH AFRICA,Western Cape Province,White shark
346,USA,Florida,Bull shark
347,PAPUA NEW GUINEA,Central Province,Tiger shark
348,AUSTRALIA,Western Australia,White shark
349,USA,Florida,Sharkor spinner shark
350,SOUTH AFRICA,Western Cape Province,White shark
351,USA,North Carolina,Sandtiger shark
352,FRENCH POLYNESIA,Society Islands,Grey reef shark
353,SEYCHELLES,Praslin,Bull shark
354,SOUTH AFRICA,Eastern Cape Province,White shark
355,SOUTH AFRICA,KwaZulu-Natal,Bull shark
356,USA,North Carolina,Bull shark
357,USA,California,White shark
358,UNITED KINGDOM,Cornwall,Oceanic whitetip shark
359,USA,Florida,Blacktip shark
360,USA,California,Sevengill shark
361,MALAYSIA,Kedah,Blacktip reef shark
362,SOUTH AFRICA,Western Cape Province,White shark
363,USA,Hawaii,Tiger shark
364,USA,Hawaii,Tiger shark
365,SOUTH AFRICA,KwaZulu-Natal,Zambesi shark
366,NEW CALEDONIA,North Province,Tiger shark
367,USA,Florida,Sandbar shark
368,USA,Florida,Bull shark
369,AUSTRALIA,Western Australia,Shark
370,NEW ZEALAND,South Island,Bronze whaler shark
371,INDONESIA,Bali,Bull shark
372,USA,Texas,Blacktip shark
373,MEXICO,Quintana Roo,Bull shark
374,AUSTRALIA,New South Wales,Bull shark
375,AUSTRALIA,Queensland,Bull shark
376,AUSTRALIA,South Australia,White shark
377,BAHAMAS,West End,Caribbean reef shark
378,AUSTRALIA,Western Australia,White shark
379,EGYPT,South Sinai Peninsula,Oceanic whitetip shark
380,EGYPT,South Sinai Peninsula,Mako shark
381,EGYPT,South Sinai Peninsula,Mako shark
382,EGYPT,South Sinai Peninsula,Oceanic whitetip shark
383,EGYPT,South Sinai Peninsula,Oceanic whitetip shark
384,AUSTRALIA,Western Australia,White shark
385,AUSTRALIA,Western Australia,White shark
386,USA,Maine,Porbeagle shark
387,USA,California,White shark
388,AUSTRALIA,New South Wales,Bull shark
389,BAHAMAS,Exuma Islands,Lemon shark
390,BAHAMAS,Abaco Islands,On shark
391,USA,Oregon,White shark
392,SOUTH AFRICA,Western Cape Province,White shark
393,AUSTRALIA,Western Australia,White shark
394,USA,California,White shark
395,USA,California,White shark
396,USA,South Carolina,Small blacktip shark
397,USA,North Carolina,Sandtiger shark
398,USA,Florida,Small spinner shark
399,SPAIN,Grand Canary Island,Gel shark
400,USA,Florida,Nurse shark
401,USA,New York,Blue shark
402,USA,Texas,Bull shark
403,USA,Florida,Lemon shark
404,VIETNAM,Binh Dinh Province,Kg shark
405,VIETNAM,Binh Dinh Province,Kg shark
406,USA,Florida,Lemon shark
407,EGYPT,Sinai Peninsula,Oceanic whitetip shark
408,NEW ZEALAND,South Island,Blue shark
409,AUSTRALIA,New South Wales,Wobbegong shark
410,AUSTRALIA,New South Wales,White shark
411,USA,Florida,Spinner shark
412,BRAZIL,Rio Grande Do Sul,Hammerhead shark
413,SOUTH AFRICA,Western Province,White shark
414,AUSTRALIA,Torres Strait,Whitetip reef shark
415,MOZAMBIQUE,Maputo Province,Zambesi shark
416,AUSTRALIA,Queensland,Bull shark
417,NEW ZEALAND,South Island,White shark
418,AUSTRALIA,New South Wales,White shark
419,USA,New Jersey,Sandtiger shark
420,USA,California,Thresher shark
421,AUSTRALIA,Victoria,White shark
422,MOZAMBIQUE,Inhambane Province,Zambesi shark
423,SCOTLAND,Fife,Gel shark
424,AUSTRALIA,Western Australia,Bull shark
425,USA,Florida,Bull shark
426,SOUTH AFRICA,Western Cape Province,White shark
427,USA,California,White shark
428,SOUTH AFRICA,KwaZulu-Natal,White shark
429,USA,Hawaii,Tiger shark
430,USA,Louisiana,Bull shark
431,BAHAMAS,Abaco Islands,Bull shark
432,USA,Florida,Nurse shark
433,AUSTRALIA,New South Wales,Bronze whale shark
434,EGYPT,St. Johns Reef,Oceanic whitetip shark
435,EGYPT,St. Johns Reef,Oceanic whitetip shark
436,EGYPT,St. Johns Reef,Oceanic whitetip shark
437,TAIWAN,Off Green Island,Kg shark
438,USA,Florida,Spinner shark
439,USA,Florida,Spinner shark
440,USA,Florida,Spinner shark
441,GUAM,North Region,Blacktip shark
442,USA,California,White shark
443,SOUTH AFRICA,Eastern Cape Province,Raggedtooth shark
444,AUSTRALIA,New South Wales,Bronze whaler shark
445,MALAYSIA,Strait of Malacca,Blacktip reef shark
446,USA,Hawaii,Cookie cutter shark
447,AUSTRALIA,Western Australia,Wobbegong shark
448,SOUTH AFRICA,Western Cape Province,Blue shark
449,AUSTRALIA,New South Wales,White shark
450,AUSTRALIA,New South Wales,Bull shark
451,AUSTRALIA,New South Wales,White shark
452,CUBA,Guantanamo Province,Bull shark
453,SOUTH AFRICA,Eastern Cape Province,Tiger shark
454,AUSTRALIA,Victoria,White shark
455,SOUTH AFRICA,Western Cape Province,White shark
456,AUSTRALIA,New South Wales,Dusky shark
457,AUSTRALIA,Tasmania,White shark
458,AUSTRALIA,New South Wales,White shark
459,NEW ZEALAND,North Island,Mako shark
460,NEW ZEALAND,North Island,Broadnose sevengill shark
461,CUBA,Guantanamo Province,Bull shark
462,AUSTRALIA,New South Wales,White shark
463,AUSTRALIA,Western Australia,White shark
464,USA,California,White shark
465,NEW ZEALAND,North Island,Bronze whaler shark
466,SOUTH AFRICA,Western Cape Province,Raggedtooth shark
467,AUSTRALIA,New South Wales,White shark
468,MOZAMBIQUE,Inhambane Province,Zambesi shark
469,EGYPT,Red Sea,Oceanic whitetip shark
470,AUSTRALIA,South Australia,Bronze whaler shark
471,AUSTRALIA,New South Wales,Grey nurse shark
472,AUSTRALIA,Northern Territory,Shark
473,CROATIA," Split-Dalmatia Count,",White shark
474,AUSTRALIA,Northern Territory,Bronze whaler shark
475,USA,Florida,Shark
476,USA,Hawaii,Tiger shark
477,USA,California,White shark
478,ENGLAND,North Devon,Blue shark
479,USA,US Virgin Islands,Bull sharkcaribbean reef shark
480,USA,Hawaii,Tiger shark
481,AUSTRALIA,Victoria,White shark-gill shark
482,PANAMA,San Carlos,Shark
483,MEXICO,Cabo San Lucas,Shark
484,USA,Hawaii,Shark
485,UNITED KINGDOM,Sussex,Starry smoothhound shark
486,BAHAMAS,Abaco Islands,Bull shark
487,SOUTH AFRICA,Western Cape Province,White shark
488,SOUTH AFRICA,Western Cape Province,White shark
489,USA,California,White shark
490,SCOTLAND,Easter Ross,Basking shark
491,BRAZIL,Pernambuco,Bull shark
492,BAHAMAS,Grand Bahama Island,Tiger shark
493,AUSTRALIA,Western Australia,White shark
494,NEW CALEDONIA,North Province,Small bull shark
495,MEXICO,Guerro,Tiger shark
496,NEW CALEDONIA,North Province,Bull shark
497,USA,California,White shark
498,AUSTRALIA,New South Wales,Tiger shark
499,SOUTH AFRICA,KwaZulu-Natal,Tiger shark
500,MEXICO,Quintana Roo,Dia as shark but shark
501,AUSTRALIA,New South Wales,Bull shark
502,USA,California,White shark
503,BAHAMAS,Northern Bahamas,Bull shark
504,JAPAN,Tokyo Bay,Goblin shark
505,SOUTH AFRICA,KwaZulu-Natal,Blacktip shark
506,AUSTRALIA,Queensland,Mako shark
507,NEW ZEALAND,North Island,Bronze whaler shark
508,USA,Florida,Nurse shark
509,MEXICO,Baja California,Hammerhead shark
510,USA,Hawaii,Tiger shark
511,AUSTRALIA,Western Australia,Shark
512,SOUTH AFRICA,Eastern Cape Province,White shark
513,USA,Hawaii,Tiger shark
514,AUSTRALIA,New South Wales,White shark
515,AUSTRALIA,Queensland,Bronze whaler shark
516,USA,Florida,Blacktip shark
517,NEW CALEDONIA,Loyalty Islands,Tiger shark
518,BAHAMAS,Grand Bahama Island,Caribbean reef shark
519,USA,California,White shark
520,EGYPT,Red Sea,Oceanic whitetip shark
521,SOLOMON ISLANDS,Marovo Lagoon,Gray reef shark
522,USA,Florida,Nurse shark
523,USA,Florida,Spinner shark
524,USA,Hawaii,Tiger shark
525,USA,California,White shark
526,USA,North Carolina,Sand shark
527,USA,Delaware,Sandtiger shark
528,USA,Florida,Bull shark
529,USA,Florida,Bull shark
530,USA,California,White shark
531,USA,California,White shark
532,AUSTRALIA,Territory of Cocos (Keeling) Islands,Bronze whaler shark
533,BAHAMAS,Abaco Islands,Bull shark
534,USA,Florida,Lemon shark
535,USA,Hawaii,Tiger shark
536,USA,Virginia,Blacktip reef shark
537,SEYCHELLES,Bird Island,White shark
538,USA,Hawaii,Tiger shark
539,BAHAMAS,Bimini Islands,Lemon shark
540,USA,Florida,Spinner shark
541,USA,Florida,Bull shark
542,NEW CALEDONIA,South Province,Tiger shark
543,NEW ZEALAND,Cook islans,Tiger shark
544,NEW CALEDONIA,North Province,Tiger shark
545,AUSTRALIA,New South Wales,White shark
546,SOUTH AFRICA,Eastern Cape Province,Tiger shark
547,USA,Hawaii,Sharka tiger shark
548,USA,California,White shark
549,SOUTH AFRICA,KwaZulu-Natal,Raggedtooth shark
550,AUSTRALIA,Western Australia,White shark
551,SOUTH AFRICA,Eastern Cape Province,Bull shark
552,USA,Oregon,White shark
553,USA,Florida,Nurse shark
554,USA,Florida,Spinner shark
555,SOUTH AFRICA,Western Cape Province,White shark
556,AUSTRALIA,South Australia,Bronze whaler shark
557,SOUTH AFRICA,Western Cape Province,White shark
558,USA,Oregon,White shark
559,USA,California,Mako shark
560,SOUTH AFRICA,Western Cape Province,White shark
561,USA,Texas,Bull shark
562,USA,South Carolina,Gel shark
563,BRAZIL,Pernambuco,Tiger shark
564,USA,South Carolina,Bull shark
565,USA,Florida,Spinner shark
566,AUSTRALIA,South Australia,White shark
567,USA,Hawaii,Tiger shark
568,USA,Hawaii,Tiger shark
569,USA,Hawaii,Grey reef shark
570,USA,Guam,Tiger shark
571,AUSTRALIA,Queensland,Wobbegong shark
572,USA,Florida,Bull sharkto bull shark
573,AUSTRALIA,New South Wales,Bronze whaler shark
574,SOUTH AFRICA,Eastern Cape Province,Raggedtooth shark
575,BRAZIL,Pernambuco,Tiger shark
576,Sierra Leone,Western Area,-kg shark
577,USA,Hawaii,Tiger shark
578,FIJI,Vitu Levu,Tiger shark
579,AUSTRALIA,New South Wales,Bronze whaler shark
580,AUSTRALIA,South Australia,White shark
581,SOUTH AFRICA,Eastern Cape Province,Raggedtooth shark
582,TONGA,Vava'u,Tiger shark
583,AUSTRALIA,Western Australia,White shark
584,AUSTRALIA,Queensland,Bull shark
585,USA,Oregon,White shark
586,USA,Hawaii,Tiger shark
587,AUSTRALIA,Queensland,Whitetip reef shark
588,AUSTRALIA,South Australia,White shark
589,AUSTRALIA,Victoria,White shark
590,SOUTH AFRICA,Eastern Cape Province,Raggedtooth shark
591,USA,California,White shark
592,USA,California,White shark
593,USA,California,White shark
594,USA,Hawaii,Tiger shark
595,GRAND CAYMAN,East Wall,Caribbean reef shark
596,SOUTH AFRICA,Western Cape Province,White shark
597,AUSTRALIA,New South Wales,Tiger shark
598,AUSTRALIA,South Australia,White shark
599,AUSTRALIA,Western Australia,Bronze whaler shark
600,USA,North Carolina,Bull shark
601,AUSTRALIA,South Australia,White shark
602,AUSTRALIA,South Australia,White shark
603,USA,California,White shark
604,USA,South Carolina,Sandbar sharksmall blacktip shark
605,USA,Florida,Bull shark
606,USA,Florida,Bull shark
607,VANUATU,Malampa Province,Sharkthe same shark
608,USA,Florida,That a shark
609,SOUTH KOREA,South Ch'ungch'ong Province,White shark
610,USA,New Jersey,D white shark no shark
611,SOUTH AFRICA,Western Cape Province,White shark
612,USA,Florida,Small shark
613,SOUTH AFRICA,Eastern Cape Province,Raggedtooth shark
614,AUSTRALIA,Queensland,Blacktip shark
615,USA,Hawaii,Tiger shark
616,USA,Hawaii,Tiger shark
617,AUSTRALIA,New South Wales,Mako shark
618,AUSTRALIA,Northern Territory,Copper shark
619,AUSTRALIA,New South Wales,Bronze whaler shark
620,USA,Florida,Blacktip shark
621,USA,Florida,Small hammerhead shark
622,AUSTRALIA,Western Australia,White shark
623,USA,New Mexico,Sandtiger shark
624,NEW ZEALAND,North Island,Bronze whaler shark
625,AUSTRALIA,Queensland,Bull shark
626,USA,Florida,Nurse shark
627,USA,Hawaii,Tiger shark
628,USA,Florida,Caribbean reef shark
629,AUSTRALIA,Victoria,Bronze whaler shark
630,NEW ZEALAND,North Island,White shark
631,AUSTRALIA,South Australia,White shark
632,AUSTRALIA,Queensland,Bull shark
633,SOUTH AFRICA,Eastern Cape Province,Raggedtooth shark
634,SOUTH AFRICA,Eastern Cape Province,Raggedtooth shark
635,SOUTH AFRICA,Western Cape Province,White shark
636,USA,California,White shark
637,CUBA,Camaguey Province,Bull shark
638,SOUTH AFRICA,Western Cape Province,White shark
639,AUSTRALIA,New South Wales,Bronze whaler shark
640,USA,California,White shark
641,USA,Hawaii,Tiger shark
642,SOUTH AFRICA,Eastern Cape Province,Raggedtooth shark
643,REUNION,Conservatória District,Tiger shark
644,AUSTRALIA,Queensland,Tiger shark
645,USA,Oregon,White shark
646,BRAZIL,Pernambuco,Tiger shark
647,USA,California,White shark
648,USA,California,White shark
649,SOUTH AFRICA,KwaZulu-Natal,White shark
650,RUSSIA,Kuril Islands in the Pacific,White shark
651,USA,Texas,Bull shark
652,AUSTRALIA,Western Australia,White shark
653,JAPAN,Wakayama Prefecture,Longfin mako shark
654,USA,California,White shark
655,AUSTRALIA,Western Australia,Bronze whaler shark
656,SOUTH AFRICA,Western Cape Province,White shark
657,BRAZIL,Pernambuco,Bull shark
658,BAHAMAS,Abaco Islands,Caribbean reef shark
659,USA,Texas,Mako shark
660,AUSTRALIA,New South Wales,Wobbegong shark
661,NEW ZEALAND,North Island,White shark
662, TONGA,Nuku'alofa,Small shark
663,USA,Hawaii,Tiger shark
664,SOUTH AFRICA,Western Cape Province,White shark
665,USA,Florida,Bull shark
666,BRAZIL,Pernambuco,Bull shark
667,USA,Florida,Bull shark
668,NEW ZEALAND,North Island,Bronze whaler shark
669,USA,Hawaii,Tiger shark
670,AUSTRALIA,Western Australia,Bronze whaler shark
671,NEW ZEALAND,"South Island, near Karitane north of Dunedin",Sevengill  shark
672,AUSTRALIA,New South Wales,Brown shark
673,AUSTRALIA,Western Australia,White shark
674,URUGUAY,Rocha,Sandtiger shark
675,VENEZUELA,Anzoategui,Bull shark
676,VENEZUELA,Anzoategui,Bull shark
677,SOUTH AFRICA,KwaZulu-Natal,Mako shark
678,AUSTRALIA,New South Wales,Raggedtooth shark
679,SOUTH AFRICA,Eastern Cape Province,Raggedtooth shark
680,SOUTH AFRICA,KwaZulu-Natal,Shortfin mako shark
681,AUSTRALIA,Western Australia,Wobbegong shark
682,AUSTRALIA,Western Australia,Wobbegong shark
683,SOUTH AFRICA,KwaZulu-Natal,Tiger shark
684,INDIA,Tamil Nadu,Tiger shark
685,EGYPT,Sinai Peninsula,Ceanic whitetip shark
686,SOUTH AFRICA,KwaZulu-Natal,White shark
687,PANAMA,Pearl Islands,Nurse shark
688,AUSTRALIA,New South Wales,Sharkgrey nurse shark
689,USA,Hawaii,Tiger shark
690,USA,Hawaii,Grey-colored shark
691,SOUTH AFRICA,Western Cape Province,Cow shark
692,SOUTH AFRICA,Western Cape Province,White shark
693,USA,Texas,Bull shark
694,USA,California,White shark
695,SOUTH AFRICA,Eastern Cape Province,White shark
696,BAHAMAS,Abaco Islands,Bull shark
697,USA,Florida,Great hammerhead shark
698,NEW ZEALAND,Cook Islands,Grey reef shark
699,USA,Florida,Shark
700,USA,Florida,Small brown shark
701,USA,North Carolina,Sand shark
702,USA,Hawaii,Shark grey-colored shark
703,PHILIPPINES,Baatan,White shark
704,BRAZIL,Pernambuco,Bull shark
705,VENEZUELA,Nueva Esparta,Mako shark
706,USA,Florida,Captive shark
707,NEW ZEALAND,Southland,White shark
708,AUSTRALIA,New South Wales,Grey nurse shark
709,AUSTRALIA,Queensland,Bull shark
710,COSTA RICA,North Pacific coast,Bull shark
711,AUSTRALIA,Western Australia,Bronze whaler shark
712,AUSTRALIA,Queensland,Hammerhead shark
713,SOUTH AFRICA,Western Cape Province,White sharkm white shark
714,AUSTRALIA,Queensland,Wobbegong shark
715,AUSTRALIA,Queensland,Bull shark
716,MICRONESIA,Caroline Islands,Blacktip shark
717,USA,California,White shark
718,USA,Hawaii,Grey colored shark
719,TURKS & CAICOS,Caicos Bank,Caribbean reef shark
720,BRAZIL,Pernambuco,Bull sharkor tiger shark
721,USA,Florida,Spinner shark
722,USA,Hawaii,Blacktip shark
723,USA,Florida,Blacktip shark
724,TONGA,Vava'u,Tiger shark
725,BRAZIL,Pernambuco,Tiger shark
726,SOUTH AFRICA,Western Cape Province,White shark
727,USA,Florida,Bonnethed shark
728,USA,Hawaii,Tiger shark
729,USA,Florida,Nurse shark
730,UNITED KINGDOM,Cheshire,Sandtiger shark
731,USA,South Carolina,Sandbar shark
732,USA,North Carolina,Bull shark
733,USA,Maryland,Mako shark
734,BRAZIL,Pernambuco,Tiger shark
735,USA,North Carolina,Sharka bull shark
736,USA,Hawaii,Tiger shark
737,SOUTH AFRICA,KwaZulu-Natal between Port Edward and Port St Johns,Copper shark
738,USA,California,White shark
739,USA,Florida,Shark
740,USA,Florida,Blacktip shark
741,COSTA RICA,Guanacaste,Bull shark
742,AUSTRALIA,South Australia,White shark
743,BAHAMAS,Abaco Islands,Bull shark
744,USA,Florida,Shark
745,USA,Hawaii,Tiger shark
746,USA,Florida,Nurse shark
747,USA,Florida,Spinner shark
748,AUSTRALIA,Queensland,Whaler shark
749,AUSTRALIA,New South Wales,Tiger shark
750,SOUTH AFRICA,KwaZulu-Natal,Zambesi shark
751,USA,Hawaii,Tiger shark
752,AUSTRALIA,New South Wales,Bronze whaler shark
753,SOUTH AFRICA,KwaZulu-Natal,Mako shark
754,AUSTRALIA,Queensland,Bronze whaler shark
755,MEXICO,Guerrero,Tiger shark
756,AUSTRALIA,Queensland,White shark
757,USA,Florida,Cident - shark
758,UNITED KINGDOM,Cheshire,Sandtiger shark
759,USA,North Carolina,Rge white shark
760,USA,North Carolina,Rge white shark
761,USA,Virginia,Bull shark
762,BAHAMAS,Abaco Islands,Bull shark
763,USA,Florida,Spinner shark
764,USA,Florida,Sharkor spinner shark
765,USA,Florida,Blacktip shark
766,BAHAMAS,Grand Bahama Island,Bull shark
767,USA,Florida,Nurse shark
768,USA,Massachusetts,Mako shark
769,USA,Florida,Bull shark
770,USA,California,White shark
771,SOUTH AFRICA,Eastern Cape Province,White shark
772,USA,Florida,Spinner shark
773,USA,Florida,Spinner shark
774,USA,Florida,Spinner shark
775,USA,Florida,Spinner shark
776,USA,Florida,Spinner shark
777,USA,Hawaii,Sharkwhitetip reef shark
778,USA,Florida,Spinner shark
779,SOUTH AFRICA,Eastern Cape Province,White shark
780,AUSTRALIA,New South Wales,Wobbegong shark
781,USA,Florida,Small shark
782,AUSTRALIA,New South Wales,Bronze whaler shark
783,USA,Florida,Spinner shark
784,AUSTRALIA,Western Australia,White shark
785,AUSTRALIA,New South Wales,Bronze whaler shark
786,AUSTRALIA,South Australia,White shark
787,USA,California,Black finned shark
788,NEW ZEALAND,North Island,White shark
789,AUSTRALIA,South Australia,White shark
790,CANADA,New Brunswick,Porbeagle shark
791,AUSTRALIA,Queensland,Bronze whaler shark
792,AUSTRALIA,Queensland,Tiger shark
793,AUSTRALIA,Western Australia,White shark
794,AUSTRALIA,Western Australia,White shark
795,USA,California,White shark
796,AUSTRALIA,Queensland,White shark
797,USA,Hawaii,Tiger shark
798,USA,Florida,Blacktip shark
799,USA,California,White shark
800,AUSTRALIA,South Australia,White shark
801,AUSTRALIA,South Australia,White shark
802,AUSTRALIA,New South Wales,Dead blue shark
803,OKINAWA,Miyako Island,White shark
804,SOUTH AFRICA,Western Cape Province,White shark
805,REUNION,Saint-Pierre,Tiger shark
806,USA,Florida,-lb bull shark
807,USA,Alaska,Salmon shark
808,USA,Hawaii,Tiger shark
809,USA,Florida,Shark
810,USA,Florida,Blacktip shark
811,USA,Florida,Nurse shark
812,USA,North Carolina,Grey-colored shark
813, TONGA,Minerva Reef,Grey reef shark
814,USA,Texas,Lemon shark
815,USA,North Carolina,Tiger shark
816,USA,Florida,Nurse shark
817,USA,Florida,Sharkor spinner shark
818,NEW ZEALAND,North Island,Mako shark
819,USA,Florida,Bull shark
820,USA,Texas,Blacktip shark
821,USA,Alabama,Bull shark
822,USA,Alabama,Bull shark
823,NEW CALEDONIA,South Province,Tiger shark bull shark shark
824,NEW CALEDONIA,North Province,Tiger shark
825,AUSTRALIA,New South Wales,Tiger shark
826,USA,Louisiana,Shortfin mako shark
827,SOUTH AFRICA,Western Cape Province,White shark
828,ENGLAND,Worcestershire,Blacktip  shark
829,USA,Florida,Hammerhead shark
830,NEW ZEALAND,South Island,Sevengill shark
831,NEW ZEALAND,South Island,Sevengill shark
832,NEW ZEALAND,South Island,Sevengill shark
833,BRAZIL,Pernambuco,Tiger shark
834,USA,Hawaii,Tiger shark
835,USA,California,White shark
836,SOUTH AFRICA,KwaZulu-Natal,White shark
837,MARSHALL ISLANDS,Alinglaplap Atoll,Grey reef shark
838,MARSHALL ISLANDS,Alinglaplap Atoll,Grey reef shark
839,USA,Florida,Lemon shark
840,USA,Hawaii,Tiger shark
841,ITALY,Adriatic Sea,White shark
842,USA,California,White shark
843,BAHAMAS,Abaco Islands,Bull sharkcaribbean reef shark
844,SOUTH AFRICA,Western Cape Province,White shark
845,USA,Florida,Bull shark
846,USA,Hawaii,Tiger shark
847,SOUTH AFRICA,Western Cape Province,White shark
848,USA,Florida,Blacktip shark
849,SOUTH AFRICA,Eastern Cape Province,White shark
850,USA,Florida,Spinner shark
851,AUSTRALIA,South Australia,White shark
852,BRAZIL,Pernambuco,Tiger shark
853,MAURITIUS,Grand Baie,Grey reef shark
854,REUNION,L' Etang Salé-les-Bains,Bull shark
855,NEW ZEALAND,South Island,Sevengill shark
856,NEW CALEDONIA,Loyalty Islands,Kg shark
857,USA,North Carolina,Basking shark
858,AUSTRALIA,New South Wales,Tiger shark
859,USA,Florida,Spinner shark
860,SOUTH AFRICA,Eastern Cape Province,White shark
861,REUNION,Saint-Leu,Bull shark
862,SOUTH AFRICA,Western Cape Province,White shark
863,SOUTH AFRICA,Eastern Cape Province,White shark
864,USA,Florida,Tiger shark
865,USA,Florida,Small shark
866,USA,Oregon,White shark
867,BRAZIL,Pernambuco,White shark
868,USA,California,White shark
869,USA,Virginia,Dusky shark
870,BAHAMAS,Berry Islands,Caribbean reef shark
871,SOUTH AFRICA,Transvaal,Sandtiger shark
872,SOUTH AFRICA,Western Cape Province,White shark
873,SOUTH AFRICA,Western Cape Province,White shark
874,SOUTH AFRICA,Western Cape Province,Raggedtooth shark
875,SOUTH AFRICA,Western Cape Province,Raggedtooth shark
876,AUSTRALIA,South Australia,White shark
877,SOUTH AFRICA,Eastern Cape Province,White shark
878,SOUTH AFRICA,Eastern Cape Province,White shark
879,USA,Florida,Lemon shark
880,SOUTH AFRICA,Western Cape Province,White shark
881,USA,Oregon,White shark
882,USA,Florida,Nurse shark
883,SOUTH AFRICA,Western Cape Province,White shark
884,USA,Florida,Spinner shark
885,USA,Florida,Spinner shark
886,MOZAMBIQUE,Maputo Province,Small dusky sharkor blackfin shark
887,USA,Virginia,Sandtiger shark
888,SOUTH AFRICA,Western Cape Province,White shark
889,AUSTRALIA,Western Australia,White shark
890,AUSTRALIA,Western Australia,White shark
891,USA,Hawaii,Tiger shark
892,USA,Florida,Blacktip shark
893,SOUTH AFRICA,Eastern Cape Province,Soupfin shark
894,USA,Florida,Small blacktip shark
895,USA,California,White shark
896,MEXICO,Quintana Roo,Tiger shark
897,EGYPT,Red Sea,Ceanic whitetip sharka white shark
898,USA,Florida,Shark
899,USA,Florida,Shark
900,SOUTH AFRICA,Eastern Cape Province,White shark
901,USA,South Carolina,Blacktip shark
902,OKINAWA,Miyako,White shark
903,FIJI,Taveuni,Tiger shark
904,USA,Florida,Spinner shark
905,USA,Florida,Sharkspinner shark
906,USA,Florida,Sand shark
907,USA,Florida,Sand shark
908,BAHAMAS,Abaco Islands,Caribbean reef shark
909,BRAZIL,Rio de Janeiro,White shark
910,AUSTRALIA,Queensland,Tiger shark
911,AUSTRALIA,Western Australia,Tiger shark
912,AUSTRALIA,Victoria,White shark
913,SOUTH AFRICA,Eastern Cape Province,White shark
914,USA,California,White shark
915,USA,California,White shark
916,USA,California,White shark
917,NEW ZEALAND,Chatham Islands ,White shark
918,USA,Florida,Young shark
919,SOUTH AFRICA,KwaZulu-Natal,White shark
920,USA,Hawaii,Tiger shark
921,USA,California,White shark
922,USA,Florida,Hammerhead shark
923,OKINAWA,Miyako,White shark
924,EGYPT / ISRAEL,"South Sinai, Gulf of Aqaba",Ceanic whitetip shark
925,AUSTRALIA,Victoria,White shark
926,SOUTH AFRICA,Western Cape Province,White shark
927,USA,Florida,Spinner shark
928,AUSTRALIA,New South Wales,Wobbegong shark
929,AUSTRALIA,New South Wales,Wobbegong shark
930,AUSTRALIA,Queensland,Tiger shark
931,AUSTRALIA,New South Wales,Bronze whaler shark
932,USA,Missouri,Rse shark
933,AUSTRALIA,New South Wales,Shark
934,USA,Florida,Nurse shark
935,AUSTRALIA,Queensland,Bronze whaler shark
936,USA,Hawaii,Tiger shark
937,AUSTRALIA,New South Wales,Mako shark
938,REUNION,Saint-Paul ,Tiger shark
939,FIJI,Taveuni,Tiger shark
940,USA,North Carolina,Tiger shark
941,NEW ZEALAND,"Chatham Islands, east of New  Zealand",White shark
942,USA,Florida,Shark
943,USA,California,White shark
944,USA,Florida,Bull shark
945,AUSTRALIA,Western Australia,White shark
946,USA,California,White shark
947,USA,Florida,Small shark
948,TONGA,Vavau,Small shark
949,USA,South Carolina,Blacktip shark
950,USA,Mississippi,Blacktip shark
951,USA,California,White shark
952,USA,California,White shark
953,USA,Hawaii,Tiger shark
954,HONG KONG,Clearwater Bay,Tiger shark
955,USA,Florida,Bull shark
956,AUSTRALIA,New South Wales,Wobbegong shark
957,JAPAN,Aichi Prefecture,White shark
958,AUSTRALIA,South Australia,Bronze whaler shark
959,SOUTH AFRICA,Eastern Cape Province,Raggedtooth shark
960,SOUTH AFRICA,KwaZulu-Natal,Tiger shark
961,AUSTRALIA,Queensland,Leopard shark
962,SOUTH AFRICA,Western Cape Province,White shark
963,USA,California,White shark
964,SOUTH AFRICA,Western Cape Province,Raggedtooth shark
965,USA,Florida,Small sand shark
966,USA,Oregon,White shark
967,USA,Hawaii,Small shark
968,REUNION,Saint-Denis,Bull shark
969,SOUTH AFRICA,Eastern Cape Province,White shark
970,SOUTH AFRICA,Eastern Cape Province,White shark
971,USA,Florida,Small shark
972,USA,Florida,Spinner shark
973,REUNION,Saint-Joseph,Bull shark
974,SOUTH AFRICA,Western Cape Province,White shark
975,USA,California,Lemon shark
976,SOUTH AFRICA,Eastern Cape Province,White shark
977,USA,Hawaii,Tiger shark
978,AUSTRALIA,Western Australia,White shark
979,USA,Hawaii,Tiger shark
980,AUSTRALIA,Western Australia,Tiger shark
981,USA,California,White shark
982,USA,Florida,Bull shark
983,USA,California,White shark
984,USA,Hawaii,Tiger shark
985,SOUTH AFRICA,Western Cape Province,White shark
986,EL SALVADOR,La Libertad,White shark
987,BAHAMAS,Walkers Cay,Blacktip sharkcaribbean reef shark
988,USA,California,White shark
989,USA,North Carolina,Bull shark
990,AUSTRALIA,Western Australia,White shark
991,USA,California,White shark
992,EL SALVADOR,La Libertad,White shark
993,SOUTH AFRICA,Eastern Cape Province,White shark
994,USA,Hawaii,Tiger shark
995,AUSTRALIA,New South Wales,White shark
996,AUSTRALIA,Tasmania,White shark
997,JAPAN,Ehime Prefecture,Possiby white shark
998,USA,Hawaii,Tiger shark
999,USA,California,White shark
1000,AUSTRALIA,Queensland,Bronze whaler shark
1001,USA,Oregon,White shark
1002,ANGOLA,West Africa,White shark
1003,USA,Florida,Lemon shark
1004,USA,Hawaii,Tiger shark
1005,USA,Hawaii,Tiger shark
1006,USA,California,Mako shark
1007,USA,Florida,Blacktip shark
1008,USA,California,White shark
1009,FIJI,Wakaya Island,Hammerhead shark
1010,USA,California,Unidentified shark
1011,USA,Hawaii,Tiger shark
1012,USA,California,White shark
1013,USA,Hawaii,Tiger shark
1014,AUSTRALIA,New South Wales,Grey nurse shark
1015,AUSTRALIA,Queensland,White shark
1016,USA,Oregon,White shark
1017,BAHAMAS,Abaco Islands,Blacktip shark
1018,AUSTRALIA,South Australia,White shark
1019,USA,California,White shark
1020,USA,Florida,Nurse shark
1021,REUNION,Saint-Paul,Bull sharkor lemon shark
1022,JAPAN,Ehime Prefecture,White shark
1023,REUNION,Saint-Paul,Mako shark
1024,REUNION,Saint-Joseph,Tiger shark
1025,NEW ZEALAND,Antarctic Ocean,-kg white shark
1026,USA,Hawaii,Tiger shark
1027,AUSTRALIA,Victoria,Bronze whaler shark
1028,JAPAN,Ehime Prefecture,White shark
1029,USA,Oregon,White shark
1030,USA,Hawaii,Tiger shark
1031,REUNION,La Saline-les-Bains,Grey shark
1032,AUSTRALIA,New South Wales,Bronze whaler shark
1033,SOUTH AFRICA,KwaZulu-Natal,Zambesi shark
1034,SOUTH AFRICA,KwaZulu-Natal,Blacktip shark
1035,USA,California,White shark
1036,USA,Hawaii,Tiger shark
1037,USA,Hawaii,Tiger shark
1038,USA,Hawaii,Tiger shark
1039,AUSTRALIA,Western Australia,Small shark
1040,USA,California,White shark
1041,AUSTRALIA,South Australia,White shark
1042,USA,South Carolina,Sand shark
1043,USA,Florida,Lemon shark
1044,ITALY,Ligurian Sea,White shark
1045,USA,Florida,-lb reef shark
1046,USA,Florida,Blacktip shark
1047,REUNION,L'Etang-Salé,Tiger shark
1048,USA,California,White shark
1049,USA,Florida,Lemon shark
1050,HONG KONG,Port Shelter,Tiger shark
1051,SOUTH AFRICA,Western Cape Province,White shark
1052,USA,Maryland,Shark
1053,AUSTRALIA,New South Wales,Grey nurse shark
1054,USA,Oregon,White shark
1055,SOUTH AFRICA,Western Cape Province,White shark
1056,USA,California,White shark
1057,USA,Florida,Spinner shark
1058,USA,Hawaii,Tiger shark
1059,SOUTH AFRICA,Western Cape Province,White shark
1060,USA,California,White shark
1061,USA,California,White shark
1062,USA,California,White shark
1063,SOUTH AFRICA,Western Cape Province,White shark
1064,SOUTH AFRICA,KwaZulu-Natal,-kg shark
1065,SOUTH AFRICA,Eastern Cape Province,White shark
1066,SOUTH AFRICA,Eastern Cape Province,White shark
1067,AUSTRALIA,Queensland,Tiger shark
1068,REUNION,Sainte-Marie,Bull shark
1069,USA,Hawaii,Two shark
1070,USA,California,White shark
1071,AUSTRALIA,Northern Territory,Tiger shark
1072,AUSTRALIA,Victoria,White shark
1073,SOUTH AFRICA,Western Cape Province,White shark
1074,AUSTRALIA,Tasmania,White shark
1075,AUSTRALIA,Victoria,White shark
1076,SOUTH AFRICA,Western Cape Province,White shark
1077,USA,Florida,-lb shark
1078,USA,California,White shark
1079,USA,California,White shark
1080,USA,North Carolina,Sandbar shark
1081,USA,California,Blue shark
1082,AUSTRALIA,Queensland,Grey nurse shark
1083,SOUTH AFRICA,Western Cape Province,White shark
1084,AUSTRALIA,New South Wales,Bronze whaler shark
1085,AUSTRALIA,Queensland,White shark
1086,SOUTH AFRICA,Eastern Cape Province,White shark
1087,USA,Louisiana,Sandtiger shark
1088,ITALY,Tuscany,White shark
1089,SOUTH AFRICA,Eastern Cape Province,White shark
1090,SOUTH AFRICA,Eastern Cape Province,White shark
1091,USA,Washington,White shark
1092,USA,California,White shark
1093,AUSTRALIA,South Australia,White shark
1094,AUSTRALIA,Western Australia,Tiger shark
1095,SOUTH AFRICA,Western Cape Province,Gaffed shark
1096,ITALY,Tyrrhenian Sea,White shark
1097,USA,California,White shark
1098,USA,Hawaii,Hammerhead shark
1099,AUSTRALIA,New South Wales,Tiger shark
1100,PAPUA NEW GUINEA,New Ireland,Silvertip shark
1101,CHILE,Valpariso Province,White shark
1102,USA,Oregon,White shark
1103,USA,Florida,Bull shark
1104,USA,Louisiana,Tiger shark
1105,USA,California,White shark
1106,SOUTH AFRICA,Western Cape Province,White shark
1107,USA,North Carolina,Sandtiger shark
1108,USA,South Carolina,Sand shark
1109,USA,California,White shark
1110,SOUTH AFRICA,KwaZulu-Natal,Raggedtooth shark
1111,SOUTH AFRICA,KwaZulu-Natal,Zambezi shark
1112,AUSTRALIA,Western Australia,Mako shark
1113,Fiji,Vanua Levu,Tiger shark
1114,USA,Louisiana,Mako shark
1115,SOUTH AFRICA,Western Cape Province,Copper shark
1116,AUSTRALIA,New South Wales,Wobbegong shark
1117,USA,Florida,Blacktip shark
1118,SOUTH AFRICA,Western Cape Province,White shark
1119,AUSTRALIA,South Australia,White shark
1120,SOUTH AFRICA,Western Cape Province,White shark
1121,USA,California,White shark
1122,USA,Florida,Blacktip shark
1123,AUSTRALIA,Western Australia,Bronze whaler shark
1124,SOUTH AFRICA,Western Cape Province,White shark
1125,USA,Florida,Spinner shark
1126,SOUTH AFRICA,Eastern Cape Province,White shark
1127,ITALY,Tyrrhenian Sea,White shark
1128,SOUTH AFRICA,Western Cape Province,Raggedtooth shark
1129,SOUTH AFRICA,Western Cape Province,White shark
1130,USA,Florida,Blacktip shark
1131,USA,California,White shark
1132,SOUTH AFRICA,KwaZulu-Natal,Raggedtooth shark
1133,USA,Florida,Lemon shark
1134,USA,Florida,Bull shark
1135,AUSTRALIA,New South Wales,Wobbegong shark
1136,AUSTRALIA,Western Australia,White sharkauthorities believed shark
1137,SOUTH AFRICA,KwaZulu-Natal,Dusky shark
1138,AUSTRALIA,New South Wales,Wobbegong shark
1139,SPAIN,Cádiz,White shark
1140,SOUTH AFRICA,Eastern Cape Province,White shark
1141,SOUTH AFRICA,Eastern Cape Province,Raggedtooth shark
1142,SOUTH AFRICA,Western Cape Province,Raggedtooth shark
1143,AUSTRALIA,Victoria,Bronze whaler shark
1144,USA,Florida,Blacktip shark
1145,USA,North Carolina,Sandtiger shark
1146,USA,California,White shark
1147,SOUTH AFRICA,Eastern Cape Province,White shark
1148,USA,California,Sevengill shark
1149,USA,Hawaii,Tiger shark
1150,USA,Alabama,-lb shark
1151,USA,California,White shark
1152,USA,Florida,Silky shark
1153,USA,Florida,Small hammerhead shark
1154,USA,California,White shark
1155,USA,South Carolina,Tiger shark
1156,ITALY,Sicily,White shark
1157,AUSTRALIA,South Australia,White shark
1158,USA,California,White shark
1159,SOUTH AFRICA,Western Cape Province,Raggedtooth shark
1160,SOUTH AFRICA,KwaZulu-Natal,White shark
1161,SOUTH AFRICA,Western Cape Province,White shark
1162,NEW CALEDONIA,South Province,Tiger shark
1163,SOUTH AFRICA,KwaZulu-Natal,Dusky shark
1164,ITALY,Tyrrhenian Sea,White shark
1165,AUSTRALIA,Queensland,Tiger shark
1166,USA,Florida,Blacktip shark
1167,USA,Oregon,White shark
1168,USA,California,White shark
1169,USA,Florida,Hammerhead shark
1170,USA,California,Small blue shark
1171,USA,California,White shark
1172,MEXICO,Baja California,White shark
1173,SOUTH AFRICA,KwaZulu-Natal,Raggedtooth shark
1174,SOUTH AFRICA,Western Cape Province,White shark
1175,USA,Hawaii,Hammerhead shark
1176,SOUTH AFRICA,Eastern Cape Province,Raggedtooth shark
1177,SOUTH AFRICA,KwaZulu-Natal,Dusky shark
1178,AUSTRALIA,Queensland,White-tipped reef shark
1179,SOUTH AFRICA,Eastern Cape Province,Raggedtooth shark
1180,USA,California,Sevengill shark
1181,AUSTRALIA,South Australia,White shark
1182,SOUTH AFRICA,Eastern Cape Province,Raggedtooth shark
1183,USA,Florida,Tiger shark
1184,USA,Oregon,White shark
1185,SOUTH AFRICA,Western Cape Province,White shark
1186,USA,Virginia,Sand shark
1187,USA,Florida,Nurse shark
1188,USA,Florida,Bull shark
1189,AUSTRALIA,Queensland,Tiger shark
1190,AUSTRALIA,Queensland,Tiger shark
1191,AUSTRALIA,Queensland,Tiger shark
1192,USA,Florida,Hammerhead shark
1193,BAHAMAS,Berry Islands,Caribbean reef shark
1194,SOUTH AFRICA,Eastern Cape Province,Raggedtooth shark
1195,SOUTH AFRICA,KwaZulu-Natal,Zambezi shark
1196,SOUTH AFRICA,Eastern Cape Province,Spinner shark
1197,SOUTH AFRICA,Western Cape Province,White shark
1198,USA,North & South Carolina,Blue shark
1199,SOUTH AFRICA,Eastern Cape Province,White shark
1200,USA,California,White shark
1201,USA,California,White shark
1202,USA,California,Ported as shark
1203,SOUTH AFRICA,Eastern Cape Province,White shark
1204,USA,California,White shark
1205,USA,California,S a shark
1206,SOUTH AFRICA,Eastern Cape Province,White shark
1207,BAHAMAS,Andros Islands,Lemon shark
1208,USA,Hawaii,Shark
1209,AUSTRALIA,Tasmania,White shark
1210,USA,California,White shark
1211,SOUTH AFRICA,Eastern Cape Province,Raggedtooth shark
1212,ITALY,Tyrrhenian Sea,White shark
1213,ITALY,Tyrrhenian Sea,White shark
1214,USA,California,White shark
1215,USA,Hawaii,Tiger shark
1216,SOUTH AFRICA,Western Cape Province,Shot white shark
1217,USA,Florida,Tiger sharka hammerhead shark
1218,USA,Florida,Small nurse shark
1219,BAHAMAS,Grand Bahama Island,Mako shark
1220,SOUTH AFRICA,Eastern Cape Province,Zambezi shark
1221,SOUTH AFRICA,KwaZulu-Natal,Gray shark
1222,SOUTH KOREA,Chungnam,White shark
1223,SOUTH AFRICA,Eastern Cape Province,Raggedtooth shark
1224,USA,Florida,Lemon shark
1225,SOUTH AFRICA,Eastern Cape Province,Raggedtooth shark
1226,SOUTH AFRICA,Eastern Cape Province,Tiger shark
1227,USA,Florida,Dusky shark
1228,CHILE,Coquimbo,White shark
1229,BRAZIL,Rio de Janeiro,White shark
1230,SOUTH AFRICA,KwaZulu-Natal,Blacktip shark
1231,AUSTRALIA,Western Australia,Hammerhead shark
1232,USA,Florida,Hammerhead shark
1233,USA,Florida,Tiger shark
1234,AUSTRALIA,New South Wales,Tiger shark
1235,REUNION,Grand'Anse,White shark
1236,USA,Oregon,White shark
1237,USA,California,White shark
1238,USA,Hawaii,Tiger shark
1239,SPAIN,Canary Islands,Blue shark
1240,USA,California,Blue shark
1241,MEXICO,Sinaloa,Tiger shark
1242,SOUTH AFRICA,KwaZulu-Natal,Tiger shark
1243,SOUTH AFRICA,Western Cape Province,Hammerhead shark
1244,SOUTH AFRICA,KwaZulu-Natal,White shark
1245,SOUTH AFRICA,KwaZulu-Natal,Zambesi shark
1246,SOUTH AFRICA,Eastern Cape Province,Hammerhead shark
1247,SOUTH AFRICA,Eastern Cape Province,Raggedtooth shark
1248,CHILE,Los Vilos,White shark
1249,GREECE,Island of Kos,White shark but shark
1250,PORTUGAL,Madeira Islands,White shark
1251,USA,Oregon,White shark
1252,SOUTH AFRICA,Western Cape Province,White shark
1253,SOUTH AFRICA,Eastern Cape Province,Raggedtooth shark
1254,SOUTH AFRICA,Western Cape Province,White shark
1255,USA,Florida,Spinner shark
1256,USA,California,White shark
1257,SOUTH AFRICA,KwaZulu-Natal,White shark
1258,SOUTH AFRICA,Western Cape Province,White shark
1259,ITALY,Tyrrhenian Sea,White shark
1260,AUSTRALIA,Tasmania,Sevengill shark
1261,SOUTH AFRICA,Western Cape Province,Kg shark
1262,SOUTH AFRICA,Western Cape Province,White shark
1263,SOUTH AFRICA,KwaZulu-Natal,Blacktip shark
1264,SOUTH AFRICA,Eastern Cape Province,Tiger shark
1265,SOUTH AFRICA,Western Cape Province,White shark
1266,SOUTH AFRICA,Western Cape Province,White shark
1267,AUSTRALIA,South Australia,White shark
1268,SOUTH AFRICA,Western Cape Province,White shark
1269,USA,California,White shark
1270,USA,Florida,Bull shark
1271,USA,Texas,Bull shark
1272,SOUTH AFRICA,Western Cape Province,Mako shark
1273,USA,California,White shark
1274,SOUTH AFRICA,Western Cape Province,White shark
1275,USA,Florida,On sharkor bull shark
1276,SOUTH AFRICA,Western Cape Province,White shark
1277,SOUTH AFRICA,Western Cape Province,White shark
1278,USA,California,White shark
1279,SOUTH AFRICA,Eastern Cape Province,White shark
1280,USA,Florida,Tiger shark
1281,USA,Oregon,White shark
1282,ITALY,Reggio Calabria Province,Blue shark
1283,SOUTH AFRICA,Western Cape Province,Mako shark
1284,SOUTH AFRICA,Western Cape Province,Whale shark
1285,SOUTH AFRICA,Western Cape Province,White shark
1286,SOUTH AFRICA,Western Cape Province,White shark
1287,SOUTH AFRICA,Western Cape Province,White shark
1288,SOUTH AFRICA,Western Cape Province,White shark
1289,NEW ZEALAND,North Island,Bronze whaler shark
1290,USA,California,White shark
1291,AUSTRALIA,New South Wales,Grey nurse shark
1292,SOUTH AFRICA,KwaZulu-Natal,Dusky shark
1293,SOUTH AFRICA,Eastern Cape Province,White shark
1294,USA,California,White shark
1295,AUSTRALIA,Tasmania,White shark
1296,USA,California,White shark
1297,USA,California,White shark
1298,AUSTRALIA,Western Australia,Whaler shark
1299,SOUTH AFRICA,Western Cape Province,White shark
1300,AUSTRALIA,Queensland,Bronze whaler shark
1301,SOUTH AFRICA,Western Cape Province,Shark
1302,SOUTH AFRICA,Western Cape Province,Mako shark
1303,AUSTRALIA,South Australia,White shark
1304,AUSTRALIA,Victoria,Carpet shark
1305,SOUTH AFRICA,Western Cape Province,Copper shark
1306,USA,California,White shark
1307,USA,California,White shark
1308,ISRAEL,Red Sea,Shortfin mako shark
1309,USA,California,White shark
1310,USA,California,White shark
1311,USA,Oregon,White shark
1312,CROATIA, Split-Dalmatia County,White shark
1313,USA,California,White shark
1314,USA,California,White shark
1315,USA,Georgia,Small shark
1316,USA,California,White shark
1317,SOUTH AFRICA,Western Cape Province,Raggedtooth shark
1318,SOUTH AFRICA,KwaZulu-Natal,Dusky shark
1319,SOUTH AFRICA,Western Cape Province,White shark
1320,SOUTH AFRICA,Western Cape Province,White shark
1321,SOUTH AFRICA,Western Cape Province,White shark
1322,SOUTH AFRICA,KwaZulu-Natal,Raggedtooth shark
1323,AUSTRALIA,South Australia,White shark
1324,AUSTRALIA,Western Australia,Bronze whaler shark
1325,BAHAMAS,Grand Bahama Island,Bull shark
1326,MEXICO,Baja California,White shark
1327,EGYPT,Red Sea,Tiger shark
1328,USA,Virginia,Blacktip shark
1329,SOUTH AFRICA,KwaZulu-Natal,Sharkor blacktip shark
1330,PALAU,Aulong Island,Tiger shark
1331,PALAU,Western Caroline Islands,Grey reef shark
1332,SOUTH AFRICA,Western Cape Province,White shark
1333,AUSTRALIA,New South Wales,Bronze whaler shark
1334,USA,US Virgin Islands,Oceanic whitetip shark
1335,USA,California,White shark
1336,AUSTRALIA,Tasmania,White shark
1337,USA,California,White shark
1338,FRENCH POLYNESIA,Tuamotus,Grey reef shark
1339,WESTERN SAMOA,Upolu Island,Tiger shark
1340,SOUTH AFRICA,KwaZulu-Natal,Zambesi shark
1341,MOZAMBIQUE,Gaza,White shark
1342,FRANCE,Antibes,White shark
1343,MARSHALL ISLANDS,Illeginni Atoll,Grey reef shark
1344,SOUTH AFRICA,Western Cape Province,White shark
1345,USA,California,White shark
1346,CROATIA,Istria County,White shark
1347,AUSTRALIA,New South Wales,Grey nurse shark
1348,USA,California,White shark
1349,SOUTH AFRICA,Western Cape Province,White shark
1350,BRITISH ISLES,South Devon,Porbeagle shark
1351,SOUTH AFRICA,Western Cape Province,White shark
1352,NEW ZEALAND,South Island,White shark
1353,AUSTRALIA,South Australia,White shark
1354,USA,South Carolina,Dog shark
1355,SOUTH AFRICA,KwaZulu-Natal,Raggedtooth shark
1356,MOZAMBIQUE,Limpopo River,Zambesi shark
1357,MOZAMBIQUE,Limpopo River,Zambesi shark
1358,MOZAMBIQUE,Limpopo River,Zambesi shark
1359,ENGLAND,Devon,Blue shark
1360,SPAIN,Canary Islands,Blue shark
1361,ITALY,Sardinia,White shark
1362,CROATIA,Zadar County,White shark
1363,USA,Hawaii,Oceanic whitetip shark
1364,USA,California,White shark
1365,USA,Florida,Nurse shark
1366,USA,California,White shark
1367,USA,Florida,Nurse shark
1368,USA,Florida,Lemon shark
1369,AUSTRALIA,New South Wales,Mako shark
1370,USA,Hawaii,White shark
1371,AUSTRALIA,Tasmania,-gill shark
1372,AUSTRALIA,Victoria,Carpet shark
1373,AUSTRALIA,New South Wales,Grey nurse shark
1374,NEW ZEALAND,South Island,White shark
1375,AUSTRALIA,South Australia,White shark
1376,SOUTH AFRICA,KwaZulu-Natal,Scalloped hammerhead shark
1377,USA,Florida,Bull shark
1378,NEW ZEALAND,South Island,White shark
1379,USA,Florida,Small hammerhead shark
1380,USA,California,White shark
1381,BAHAMAS,Eleuthera,Caribbean reef shark
1382,USA,Florida,Silky shark
1383,AUSTRALIA,New South Wales,Bronze whaler shark
1384,AUSTRALIA,South Australia,Bronze whaler shark
1385,AUSTRALIA,New South Wales,Grey nurse shark
1386,AUSTRALIA,Queensland,Grey nurse shark
1387,USA,Florida,Small blacktip shark
1388,USA,California,Blue shark
1389,AUSTRALIA,Western Australia,White shark
1390,USA,Florida,Nurse shark
1391,BAHAMAS,Out Islands,Sandbar shark
1392,USA,Florida,Nurse shark
1393,ITALY,Sicily,White shark
1394,AUSTRALIA,South Australia,Bronze whaler shark
1395,SOUTH AFRICA,KwaZulu-Natal,White shark
1396,AUSTRALIA,Victoria,Grey nurse shark
1397,NEW ZEALAND,South Island,White shark
1398,SOUTH AFRICA,Western Cape Province,White sharkor thresher shark
1399,SOUTH AFRICA,Western Cape Province,Sandtiger shark
1400,AUSTRALIA,Victoria,Sand shark
1401,AUSTRALIA,New South Wales,Grey nurse shark
1402,AUSTRALIA,New South Wales,Grey nurse shark
1403,AUSTRALIA,Queensland,Bronze whaler shark
1404,AUSTRALIA,Western Australia,Mako shark
1405,USA,Florida,Nurse shark
1406,CROATIA,Primorje-Gorski Kotar County ,White shark
1407,ITALY,Taranto province,Small shark
1408,USA,Florida,Blacktip shark
1409,USA,Texas,Lemon sharkor sandtiger shark
1410,USA,New Jersey,Cold for sharkpregnant sandbar shark
1411,USA,Florida,Hammerhead shark
1412,AUSTRALIA,New South Wales,White shark
1413,AUSTRALIA,New South Wales,White shark
1414,SOUTH AFRICA,Western Cape Province,Copper shark
1415,USA,California,White shark
1416,AUSTRALIA,New South Wales,Wobbegong shark
1417,SOUTH AFRICA,Eastern Cape Province,Zambesi shark
1418,AUSTRALIA,Western Australia,Carpet shark
1419,USA,Florida,Hammerhead shark
1420,AUSTRALIA,Western Australia,Carpet shark
1421,AUSTRALIA,Queensland,Grey nurse shark
1422,BAHAMAS,New Providence Island,-lb shark
1423,BAHAMAS,New Providence Island,-lb shark
1424,PAPUA NEW GUINEA,Madang Province,Small shark
1425,BAHAMAS,Bimini Islands,Lemon shark
1426,USA,Florida,Bull shark
1427,USA,Florida,White shark
1428,PALAU,Western Caroline Islands,Tiger shark
1429,USA,Florida,Spinner shark
1430,USA,Florida,Mako shark
1431,SOUTH AFRICA,KwaZulu-Natal,White shark
1432,USA,Florida,Nurse shark
1433,RED SEA,East of the Gulf of Aqaba,Small shark
1434,SOUTH AFRICA,Eastern Cape Province,Raggedtooth shark
1435,AUSTRALIA,Victoria ,White shark
1436,AUSTRALIA,New South Wales,White shark
1437,USA,Puerto Rico,Mako shark
1438,AUSTRALIA,Western Australia,Grey nurse shark
1439,USA,Florida,Hammerhead shark
1440,USA,Puerto Rico,Nurse shark
1441,SOUTH AFRICA,KwaZulu-Natal,Zambesi shark
1442,USA,Florida,White shark
1443,PANAMA,Caribbean Coast,Lemon shark
1444,FIJI,Vita Levu,Tiger shark
1445,NEW ZEALAND,North Island,White shark
1446,SOUTH AFRICA,Western Cape Province,White shark
1447,NEW ZEALAND,North Island,Sand shark
1448,NEW ZEALAND,South Island,White shark
1449,USA,Florida,Hammerhead shark
1450,SOUTH AFRICA,Western Cape Province,White shark
1451,USA,California,White shark
1452,PAPUA NEW GUINEA,New Britain,Tiger shark
1453,SOUTH AFRICA,KwaZulu-Natal,Zambesi shark
1454,SOUTH AFRICA,KwaZulu-Natal,Shark
1455,AUSTRALIA,Queensland,-lb shark
1456,SOUTH AFRICA,KwaZulu-Natal,Dusky shark
1457,AUSTRALIA,New South Wales,Wobbegong shark
1458,SOUTH AFRICA,Western Cape Province,White shark
1459,SOUTH AFRICA,KwaZulu-Natal,-lb zambesi shark
1460,AUSTRALIA,South Australia,White shark
1461,NEW BRITAIN,"South Coast, East New Britain",Tiger shark
1462,NEW ZEALAND,South Island,-gill shark
1463,PAPUA NEW GUINEA,Gulf Province,Tiger shark
1464,FIJI, Lau Province,Tiger shark
1465,AUSTRALIA,Queensland,White shark
1466,USA,Florida,Silky shark
1467,USA,Florida,-lb shark
1468,USA,Florida,Nurse shark
1469,FEDERATED STATES OF MICRONESIA,Eastern Caroline Islands,Tiger shark
1470,GREECE,Thessaly,White shark
1471,AUSTRALIA,New South Wales,Grey nurse shark
1472,USA,US Virgin Islands,Galapagos shark
1473,AUSTRALIA,New South Wales,Bronze whaler shark
1474,FIJI,Lomaiviti  Island Group,White shark
1475,AUSTRALIA,New South Wales,Sharka bull shark
1476,SOUTH AFRICA,Western Cape Province,-lb shark
1477,NEW ZEALAND,North Island,Grey nurse shark
1478,SOUTH AFRICA,KwaZulu-Natal,Zambesi shark
1479,AUSTRALIA,South Australia,White shark
1480,SOUTH AFRICA,KwaZulu-Natal,Dusky shark
1481,AUSTRALIA,South Australia,White shark
1482,SOUTH AFRICA,Western Cape Province,Shark
1483,USA,California,White shark
1484,AUSTRALIA,South Australia,Grey nurse shark
1485,BRITISH WEST INDIES,Grand Turk Island,Blacktip shark
1486,ITALY,Tyrrhenian Sea,White shark
1487,PAPUA NEW GUINEA,Northern District,Thin brown-colored shark
1488,ITALY,Tyrrhenian Sea,White shark
1489,USA,California,Blue shark
1490,PAPUA NEW GUINEA,Madang Province,Bronze whaler shark
1491,USA,California,Sevengill  shark
1492,AUSTRALIA,Queensland,Bronze whaler shark
1493,SOUTH AFRICA,KwaZulu-Natal,Zambesi shark
1494,AUSTRALIA,New South Wales,Bronze whaler shark
1495,PAPUA NEW GUINEA,Madang,Bronze whaler shark
1496,SOUTH AFRICA,KwaZulu-Natal,White shark
1497,AUSTRALIA,Queensland,Cm  shark
1498,AUSTRALIA,New South Wales,Bronze whaler shark
1499,NEW ZEALAND,South Island,D shark
1500,USA,California,White shark
1501,AUSTRALIA,New South Wales,Grey nurse shark
1502,AUSTRALIA,New South Wales,Bronze whaler shark shark
1503,AUSTRALIA,South Australia,Grey nurse shark
1504,PAPUA NEW GUINEA,"10ºS, 142ºE",White shark
1505,NEW ZEALAND,South Island,Shark
1506,AUSTRALIA,South Australia,White shark
1507,SOUTH AFRICA,KwaZulu-Natal,Zambesi shark
1508,AUSTRALIA,Western Australia,Grey nurse shark
1509,VANUATU,Shefa Province,Two shark
1510,CROATIA,Primorje-Gorski Kotar County ,White shark
1511,USA,California,White shark
1512,USA,South Carolina,White shark
1513,AUSTRALIA,Queensland,White shark
1514,ITALY,Adriatic Sea,White shark
1515,USA,Florida,Hammerhead shark
1516,USA,California,White shark
1517,USA,Florida,Hammerhead shark
1518,AUSTRALIA,New South Wales,Wobbegong shark
1519,MOZAMBIQUE,Gaza,Zambesi shark
1520,SOUTH AFRICA,Eastern Cape Province,Captive shark shark
1521,USA,Florida,Tiger shark
1522,AUSTRALIA,New South Wales,Wobbegong shark
1523,MOZAMBIQUE,Gaza,Zambesi shark
1524,AUSTRALIA,Victoria,Grey nurse shark
1525,AUSTRALIA,Western Australia,Wobbegong shark
1526,AUSTRALIA,South Australia,Bronze whaler shark
1527,AUSTRALIA,South Australia,White shark
1528,NORTH PACIFIC OCEAN,Wake Island (EnenKio),Grey reef sharkgrey reef shark
1529,SOUTH AFRICA,KwaZulu-Natal,Zambesi shark
1530,AUSTRALIA,Victoria,Banjo shark
1531,SOUTH AFRICA,Eastern Cape Province,-kg shark
1532,AUSTRALIA,Western Australia,Grey nurse shark
1533,SOUTH AFRICA,KwaZulu-Natal,White shark
1534,AUSTRALIA,New South Wales,Wobbegong shark
1535,SOUTH AFRICA,KwaZulu-Natal,White shark
1536,AUSTRALIA,Northern Territory,Hammerhead shark
1537,MOZAMBIQUE,Limpopo River,Six zambesi shark
1538,SOUTH AFRICA,KwaZulu-Natal,White sharka white shark
1539,AUSTRALIA,Queensland,Grey nurse shark
1540,AUSTRALIA,Queensland,Bull shark
1541,AUSTRALIA,Western Australia,Wobbegong shark
1542,SOUTH AFRICA,Western Cape Province,White shark
1543,NEW GUINEA,Western District,Blacktip shark
1544,SOUTH AFRICA,Western Cape Province,White shark
1545,SOUTH AFRICA,Western Cape Province,White shark
1546,USA,South Carolina,-lb shark
1547,USA,Florida,Lemon shark
1548,ENGLAND,In the English Channel ,-lb hooked shark
1549,USA,Virginia,Sand shark
1550,NEW ZEALAND,Cook Strait,White shark
1551,USA,Florida,Mako shark
1552,BERMUDA,Paget,Dusky shark dusky shark
1553,USA,California,White shark
1554,USA,Florida,Lemon sharkfemale lemon shark
1555,SOUTH AFRICA,KwaZulu-Natal,White shark
1556,USA,California,White shark
1557,AUSTRALIA,Western Australia,Bronze whaler shark
1558,SOUTH AFRICA,Eastern Cape Province,Raggedtooth shark
1559,AUSTRALIA,New South Wales,White shark
1560,AUSTRALIA,Western Australia,Sandtiger shark
1561,AUSTRALIA,New South Wales,Bronze whaler shark
1562,AUSTRALIA,South Australia,White shark
1563,SOUTH AFRICA,Western Cape Province,White shark
1564,USA,Florida,Rger shark
1565,NEW ZEALAND,North Island,Bronze whaler shark
1566,PAPUA NEW GUINEA,Central Province,Tiger shark
1567,AUSTRALIA,New South Wales,Tiger shark
1568,AUSTRALIA,New South Wales,Grey nurse shark
1569,AUSTRALIA,South Australia,Blue pointer
1570,AUSTRALIA,New South Wales,Bull shark
1571,AUSTRALIA,Western Australia,Wobbegong shark
1572,SRI LANKA,Eastern  Province,Blacktail reef shark
1573,SRI LANKA,Eastern  Province,Blacktip reef shark
1574,AUSTRALIA,Queensland,Tiger shark
1575,AUSTRALIA,Victoria,Shark
1576,NEW ZEALAND,North Island,Mako shark
1577,SOUTH AFRICA,Western Cape Province,Thresher shark
1578,USA,California,Blue shark
1579,AUSTRALIA,Western Australia,Carpet shark
1580,USA,California,White shark
1581,FIJI,Kadavu,Tiger shark
1582,USA,Florida,Hammerhead shark other shark
1583,USA,South Carolina,Olve white shark
1584,USA,California,White shark
1585,USA,California,Hammerhead shark
1586,CROATIA,Istria,Kg shark
1587,JAPAN,Wakayama Prefecture,Blue shark
1588,USA,California,White shark
1589,USA,California,Hammerhead shark
1590,JAPAN,Okayama Prefecture,Blue shark
1591,USA,California,Hammerhead shark
1592,USA,California,Hammerhead shark
1593,USA,California,Blue shark
1594,USA,Florida,Nurse shark
1595,NORTH ATLANTIC OCEAN,In the Gulf Stream ,Oceanic whitetip shark
1596,USA,California,White shark
1597,SOUTH AFRICA,Eastern Cape Province,White shark
1598,USA,California,White shark
1599,USA,Florida,Tiger shark
1600,AUSTRALIA,Torres Strait,Tiger shark
1601,USA,Florida,Tiger shark
1602,AUSTRALIA,Victoria,Mako shark
1603,AUSTRALIA,Western Australia,Grey nurse shark
1604,SOUTH AFRICA,Western Cape Province,White shark
1605,SOUTH KOREA,South Chungcheong Province,White shark
1606,TURKEY,Ahirkapi coast,White shark
1607,USA,Hawaii,Tiger shark
1608,AMERICAN SAMOA,Tutuila Island,Tiger shark
1609,USA,California,White shark
1610,BAHAMAS,Cat Cay,-lb shark
1611,MEXICO,Baja California,Hammerhead shark
1612,USA,Florida,Tiger shark
1613,USA,Florida,Tiger shark
1614,USA,Florida,Nurse sharkdescription of shark
1615,BAHAMAS,Abaco Islands,Tiger shark
1616,USA,Florida,Nurse shark
1617,USA,Florida,Tiger shark
1618,USA,Florida,Nurse shark
1619,USA,Florida,Nurse shark
1620,TAIWAN,Taipei Hsien,Mako shark
1621,USA,US Virgin Islands,Nurse shark
1622,SOUTH AFRICA,KwaZulu-Natal,White shark
1623,PAPUA NEW GUINEA,West New Britain Province,Several shark
1624,SOUTH AFRICA,Western Cape Province,White shark
1625,MARSHALL ISLANDS,Eniwetok Atoll,S carcharinid shark mako shark
1626,USA,Florida,Bull shark
1627,USA,California,White sharka blue shark
1628,USA,North Carolina,White shark
1629,USA,California,White shark
1630,AUSTRALIA,New South Wales,Wobbegong shark
1631,USA,Florida,Rge mako shark
1632,USA,Florida,Bull shark
1633,IRAN,Karun River,Bull shark
1634,IRAN,Karun River,Bull shark
1635,PAPUA NEW GUINEA,Milne Bay Province,Tiger shark
1636,NEW ZEALAND,North Island,Mako shark
1637,SOUTH AFRICA,Western Cape Province,White shark
1638,SENEGAL,"Near Dakar, Cap Vert Peninsula",Lemon shark
1639,USA,Florida,Sand shark
1640,MAYOTTE,Mozambique Channel,Tiger shark
1641,ITALY,Tyrrenian Sea,White shark
1642,AUSTRALIA,Queensland,Wobbegong shark
1643,USA,California,White shark
1644,MALTA,Congreve Channel,White shark
1645,USA,California,-lb shark
1646,MALTA,St. Thomas Bay,White shark
1647,SOUTH AFRICA,Western Cape Province,White shark
1648,ITALY,Ligurian Sea,White shark
1649,AUSTRALIA,Victoria,Sharkbeen another shark
1650,GREECE,Corfu Island,White shark
1651,USA,Virginia,-lb sand shark
1652,PAPUA NEW GUINEA,Central Province,Wobbegong shark
1653,NORTH PACIFIC OCEAN,1000 miles west of Hawaii,Species of sharkoceanic whitetip shark
1654,NORTH PACIFIC OCEAN,1000 miles west of Hawaii,Species of sharkoceanic whitetip shark
1655,USA,California,Blue shark the shark
1656,CROATIA, Primorje-Gorski Kotar County,White shark
1657,AMERICAN SAMOA,Tutuila Island,Blue shark
1658,JAPAN,Okayama Prefecture,Blue shark
1659,USA,Rhode Island,Sand shark
1660,MONTENEGRO,Adriatic Sea,White shark
1661,YEMEN,Aden,Shark
1662,PAPUA NEW GUINEA,"New Ireland, Bismarck Archipelago",Small brown-colored shark
1663,USA,California,Leopard shark
1664,USA,California,White shark
1665,AUSTRALIA,New South Wales,White shark
1666,AUSTRALIA,New South Wales,Bronze whaler shark
1667,CUBA,Havana Province,Little shark
1668,USA,Wake Island,Blacktip reef shark
1669,CROATIA,Zadar County,White shark
1670,CUBA,Guantanamo Province,Nurse shark
1671,CUBA,Guantanamo Province,Nurse shark
1672,USA,Florida,Nurse shark
1673,BERMUDA,South shore ,Sharka dusky shark
1674,AUSTRALIA,Queensland,Shark
1675,ARGENTINA,Buenos Aires Province,White shark
1676,IRAN,Karun River,Bull shark
1677,IRAN,Karun River,Bull shark
1678,IRAN,Karun River,Bull shark
1679,USA,New York,-lb sand shark
1680,USA,Hawaii,Hammerhead shark
1681,CANADA,Nova Scotia,White shark
1682,IRAN,Karun River,Sharkprobable bull shark
1683,IRAN,Karun River,Sharkprobable bull shark
1684,PAPUA NEW GUINEA,Milne Bay Province,Tiger shark
1685,AUSTRALIA,New South Wales,Wobbegong shark
1686,ITALY,Genoa  Province,-lb shark
1687,USA,California,White shark
1688,USA,Hawaii,Shark
1689,USA,Florida,Hammerhead shark
1690,USA,Puerto Rico,Tiger shark
1691,USA,California,White shark
1692,AUSTRALIA,Western Australia,Carpet shark
1693,AUSTRALIA,South Australia,White shark
1694,SUDAN,Red Sea State,Slim brown shark
1695,NETHERLANDS ANTILLES,Curacao,Bull sharkof the shark
1696,PAPUA NEW GUINEA,"Admiralty Islands, Manus Province",Ber of shark
1697,AUSTRALIA,New South Wales,Wobbegong shark
1698,AUSTRALIA,New South Wales,Shark
1699,SOUTH AFRICA,KwaZulu-Natal,White shark
1700,SOUTH AFRICA,KwaZulu-Natal,White shark
1701,GREECE,Corfu Island,White shark
1702,GREECE,Corfu Island,White shark
1703,AUSTRALIA,New South Wales,Wobbegong shark
1704,AUSTRALIA,Queensland,Nurse shark
1705,AUSTRALIA,New South Wales,Wobbegong shark
1706,AUSTRALIA,Queensland,White shark
1707,USA,California,White shark
1708,EL SALVADOR, La Libertad,-lb shark
1709,AUSTRALIA,South Australia,White shark
1710,USA,Texas,Hammerhead shark
1711,USA,New York,Sand shark
1712,ITALY,Tyrrhenian Sea,White shark
1713,AUSTRALIA,Western Australia,Small carpet shark
1714,SOUTH AFRICA,KwaZulu-Natal,White shark
1715,AUSTRALIA,Tasmania,White shark
1716,SRI LANKA,Eastern Province,Lemon shark
1717,SRI LANKA,Southern Province,Whtietip reef shark
1718,INDONESIA,Jakarta Harbour,Tiger shark
1719,USA,Hawaii,White shark
1720,AUSTRALIA,Victoria,Grey nurse shark
1721,USA,California,Bonita shark
1722,AUSTRALIA,Western Australia,Whaler shark
1723,AUSTRALIA,New South Wales,White shark
1724,ITALY,Tyrrhenian Sea,White shark
1725,AUSTRALIA,Western Australia,Tiger shark
1726,BAHAMAS,Bimini Islands,Lemon shark
1727,PAPUA NEW GUINEA,"New Ireland Province, Bismarck Archipelago",Grey shark
1728,USA,Florida,Nurse shark
1729,AUSTRALIA,New South Wales,Grey nurse shark
1730,AUSTRALIA,New South Wales,Tiger shark
1731,SOUTH AFRICA,KwaZulu-Natal,-kg shark
1732,SOUTH AFRICA,KwaZulu-Natal,Blacktip shark
1733,AUSTRALIA,South Australia,Shark
1734,AUSTRALIA,Western Australia,White shark
1735,AUSTRALIA,Queensland,Small shark
1736,SOUTH AFRICA,KwaZulu-Natal,Zambesi shark
1737,IRAQ,Basrah,Bull shark
1738,USA,Florida,Tiger shark
1739,SOUTH AFRICA,Western Cape Province,White shark
1740,USA,Florida,Blacktip sharkor spinner shark
1741,PANAMA,Caribbean Sea,White shark
1742,NICARAGUA,Lake Nicaragua (fresh water),Bull shark
1743,PANAMA,Gulf of Panama,White shark
1744,AUSTRALIA,Tasmania,White shark
1745,USA,Hawaii,Small shark
1746,USA,Hawaii,Small shark
1747,AUSTRALIA,New South Wales,Bull shark
1748,SOUTH AFRICA,KwaZulu-Natal,Sharkoceanic whitetip shark
1749,SOUTH AFRICA,Western Cape Province,White shark
1750,AUSTRALIA,Queensland,Tiger shark
1751,ITALY,Liguria,Porbeagle shark
1752,AUSTRALIA,New South Wales,Bull shark
1753,SOUTH ATLANTIC OCEAN,Off Libya,Tiger shark
1754,SOUTH ATLANTIC OCEAN,Off Libya,Tiger shark
1755,USA,New Jersey,Mako shark
1756,USA,Hawaii,-lb shark
1757,USA,California,Mako sharkaka bonito shark
1758,SOUTH AFRICA,KwaZulu-Natal,White shark
1759,AUSTRALIA,New South Wales,Wobbegong shark
1760,SOUTH AFRICA,KwaZulu-Natal,White shark
1761,SLOVENIA,Adriatic Sea,White shark
1762,AUSTRALIA,New South Wales,Blue pointer
1763,AUSTRALIA,New South Wales,Whaler shark
1764,AUSTRALIA,Queensland,Tiger shark
1765,AUSTRALIA,Torres Strait ,Tiger shark
1766,BAHAMAS,Andros Islands,Nurse shark
1767,PAPUA NEW GUINEA,Central Province,Large shark
1768,BAHAMAS,Andros Islands,Tiger shark
1769,CURACAO,Ascension Bay,Tiger shark
1770,AUSTRALIA,Queensland,Tiger shark
1771,NICARAGUA,Lower San Juan River,Olve bull shark
1772,IRAQ,Basrah City,Bull shark
1773,AUSTRALIA,New South Wales,Tiger shark
1774,TRINIDAD & TOBAGO,Trinidad,Grey-colored shark
1775,AUSTRALIA,Queensland ,Tiger shark
1776,AUSTRALIA,Queensland,Tiger shark
1777,SCOTLAND,Argyllshire,Basking shark
1778,SCOTLAND,Arran,Basking shark
1779,SCOTLAND,Argyll,Basking shark
1780,AUSTRALIA,Torres Strait,Tiger shark
1781,AUSTRALIA,New South Wales,Whaler shark
1782,AUSTRALIA,Queensland,-lb shark
1783,AUSTRALIA,New South Wales,White shark
1784,AUSTRALIA,New South Wales,Grey nurse shark
1785,USA,Hawaii,Shark
1786,AUSTRALIA,Victoria,White shark
1787,AUSTRALIA,Torres Strait,Shark
1788,AUSTRALIA,Torres Strait,Large tiger shark
1789,CANADA,Newfoundland,Shovelnose shark
1790,USA,Massachusetts,White shark
1791,USA,New Jersey,Blue shark
1792,AUSTRALIA,Torres Strait,Tiger shark
1793,AUSTRALIA,Queensland,Tiger shark
1794,USA,Florida,-lb shark
1795,AUSTRALIA,New South Wales,White shark
1796,AUSTRALIA,South Australia,White shark
1797,SOUTH AFRICA,KwaZulu-Natal,White shark
1798,AUSTRALIA,Torres Strait,Tiger shark
1799,AUSTRALIA,Queensland,Blue nose shark
1800,AUSTRALIA,New South Wales,White shark
1801,AUSTRALIA,New South Wales,White shark
1802,AUSTRALIA,New South Wales,Tiger shark
1803,AUSTRALIA,New South Wales,Tiger shark
1804,ITALY,Sicily,White shark
1805,CROATIA,Adriatic Sea,White shark
1806,AUSTRALIA,New South Wales,Blue pointer
1807,AUSTRALIA,New South Wales,Blue-nosed shark
1808,AUSTRALIA,New South Wales,Mako shark
1809,AUSTRALIA,Torres Strait,Tiger shark shark
1810,AUSTRALIA,Torres Strait,Tiger shark
1811,AUSTRALIA,Queensland,Tiger shark
1812,USA,California,Blue shark
1813,USA,California,Tiger shark
1814,USA,South Carolina,On sharkm lemon shark
1815,USA,Florida,Bull sharkor tiger shark
1816,AUSTRALIA,South Australia,Blue shark
1817,AUSTRALIA,New South Wales,Grey nurse shark
1818,USA,New Jersey,-lb shark
1819,CANADA,Bay of Fundy,White shark
1820,USA,New Jersey,Dog shark
1821,AUSTRALIA,Victoria,Grey nurse shark
1822,SOUTH AFRICA,Eastern Cape Province,Raggedtooth shark
1823,USA,Florida,Hammerhead shark
1824,FIJI,Viti Levu Island,Small shark
1825,USA,Hawaii,Tiger shark
1826,AUSTRALIA,New South Wales,School of shark
1827,AUSTRALIA,South Australia,Cocktail shark
1828,USA,Florida,Tiger shark
1829,AUSTRALIA,Victoria,White shark
1830,SOUTH AFRICA,Western Cape Province,White shark
1831,AUSTRALIA,New South Wales,Tiger shark
1832,USA,Florida,-foot shark
1833,AUSTRALIA,Queensland,Grey nurse shark
1834,AUSTRALIA,South Australia,Dog shark
1835,AUSTRALIA,South Australia,Dog shark
1836,AUSTRALIA,Western Australia,Blue pointer
1837,AUSTRALIA,New South Wales,Galapagos shark
1838,AUSTRALIA,South Australia,Dog shark
1839,USA,New Jersey,Blue nose shark
1840,PANAMA,Gulf of Panama,Sharkas carcharhinid shark
1841,ITALY,Tuscany,White shark
1842,AUSTRALIA,Queensland,Tiger shark
1843,SOUTH AFRICA,Western Cape Province,White shark
1844,AUSTRALIA,New South Wales,Grey nurse shark
1845,NEW ZEALAND,South Island,Mako shark
1846,SOUTH AFRICA,Eastern Cape Province,Raggedtooth shark
1847,AUSTRALIA,New South Wales,Grey nurse shark
1848,ITALY,Golfo di Genova in the Ligurian Sea,White shark
1849,USA,New Jersey,Whiptail sharkthresher shark
1850,USA,California,White sharkor sevengill shark
1851,USA,Hawaii,White shark
1852,USA,Hawaii,The shark
1853,AUSTRALIA,South Australia,White shark
1854,SOUTH AFRICA,Eastern Cape Province,Blue shark
1855,AUSTRALIA,Western Australia,Tiger shark
1856,AUSTRALIA,New South Wales,Small shark
1857,USA,South Carolina,Mako shark
1858,AUSTRALIA,New South Wales,Ry large shark
1859,CUBA,Caribbean Sea,Dusky shark shark
1860,SOUTH AFRICA,Western Cape Province,White sharkof captured shark
1861,AUSTRALIA,New South Wales,White shark
1862,AUSTRALIA,New South Wales,White shark
1863,AUSTRALIA,New South Wales,Grey nurse shark
1864,ENGLAND,Dorset,Blue shark
1865,HAITI,Cape Haitien,Comrades saw shark
1866,AUSTRALIA,Western Australia,Dog shark
1867,USA,Florida,-lb shark shark
1868,AUSTRALIA,New South Wales,Shark
1869,SAN DOMINGO,60 miles north of San Domingo in the West Indies,Tiger shark
1870,USA,New Jersey,White shark
1871,USA,New Jersey,White shark
1872,USA,Florida,Sharka white shark
1873,AUSTRALIA,South Australia,Tiger shark
1874,USA,Florida,Hammerhead shark
1875,AUSTRALIA,Torres Strait,Tiger shark
1876,AUSTRALIA,New South Wales,Whaler shark
1877,SPAIN,Balearics,White shark
1878,NORTH ATLANTIC OCEAN,Georges Bank,Gel shark
1879,AUSTRALIA,Queensland,Blue shark
1880,SOUTH AFRICA,Western Cape Province,-foot shark
1881,CROATIA,Adriatic Sea,Possible white shark
1882,PAPUA NEW GUINEA,New Britain,-foot shark
1883,AUSTRALIA,New South Wales,Bull shark
1884,MALTA,Harare Province,White shark
1885,USA,California,Shortfin mako shark
1886,USA,Mississippi,Ins from shark
1887,EGYPT,Suez Canal,Tiger shark
1888,AUSTRALIA,New South Wales,Bull shark
1889,SOUTH AFRICA,Western Cape Province,White shark
1890,USA,California,Basking shark
1891,ITALY,Calabria,Kg shark
1892,USA,South Carolina,White shark
1893,USA,New York,Shovelnose shark
1894,AUSTRALIA,Tasmania,Sevengill shark
1895,CROATIA, Primorje-Gorski Kotar County,Kg female shark
1896,NEW ZEALAND,South Island,But the shark
1897,USA,South Carolina,School of shark
1898,ITALY,Sicily,White shark
1899,AUSTRALIA,Queensland,Bull shark
1900,USA,Mississippi,Tiger shark
1901,AUSTRALIA,Tasmania,-gill shark
1902,ENGLAND,"Between Hastings & Fairlight, Sussex",Porbeagle shark
1903,CANADA,Newfoundland,White shark
1904,AUSTRALIA,Queensland,Hammerhead shark
1905,AUSTRALIA,South Australia,Tiger shark
1906,ITALY,Adriatic Sea,White shark
1907,NEW ZEALAND,North Island,Ground shark
1908,BAHAMAS,New Providence Island,Covered from shark
1909,USA,North Carolina,White shark
1910,USA,South Carolina,Tiger shark
1911,GREECE,Corfu ,-lb shark
1912,USA,North Carolina,White shark
1913,SOUTH AFRICA,Western Cape Province,White shark
1914,CUBA,Matanzas Province (north coast),Large shark
1915,FRENCH POLYNESIA,Society Islands,Hammerhead shark
1916,ENGLAND,Devon,Mako shark
1917,ENGLAND,Sussex,Tiger shark
1918,FRANCE,Côte d'Azur ,Description of shark
1919,ITALY,Sardinia,White shark
1920,FRANCE,Côte d'Azur ,White shark
1921,FRANCE,Nice & Marseilles,Possibly white shark
1922,USA,Hawaii,Galapagos shark
1923,USA,California,Basking shark
1924,USA,Florida,Blacktip shark
1925,VENEZUELA,Los Roques  Islands,Hammerhead shark
1926,MOZAMBIQUE,Inhambane Province,Whale shark
1927,AUSTRALIA,Torres Strait,Tiger shark
1928,SUDAN,Red Sea State,Silvertip shark
1929,VANUATU,Malampa Province,Rge hammerhead shark
1930,IRAN,Khuzestan Province,Bull shark
1931,USA,Florida,Nurse shark
1932,MOZAMBIQUE,Maputo Province,Pack of shark
1933,SEYCHELLES,Amirante Islands,Tiger shark
1934,IRAQ,Basrah,Bull shark
1935,IRAQ,Basrah,Bull shark
1936,BAHAMAS,Andros Islands,White shark
1937,USA,California,White shark
1938,BAHAMAS,Andros Islands,Nurse shark
1939,NICARAGUA,Lake Nicaragua (fresh water),Bull shark
1940,IRAQ,Basrah,Bull shark
1941,SAUDI ARABIA,Eastern Province,Black-tipped shark
1942,ITALY,Adriatic Sea,White shark
1943,AUSTRALIA,New South Wales,Grey nurse shark
